"ST","State","County_Population","Pop_Water_MGD","x","County_Area_km_sq","Cropland_km_sq","Population_Per_County_Area","Artichoke","Asparagus","Barley","Beets","BellPeppers","Broccoli","Cabbage","Carrots","Cauliflower","Celery","ChinesePeas","Citrus","Corn","Cotton","Cowpeas","Cucumber","Eggplant","Flax","Grapes","GreenBeans","GreenPeas","Lentil","Lettuce","Millet","Oats","Onion_Dry","Onion_Green","Orchards","Peanuts","Potato","Pumpkin","Radish","Rice","Rye","Safflower","Sorghum","Soybean","Spinach","Squash","Sugarbeets","Sugarcane","Sunflower","SweetMelons","SweetPotato","Tomato","Walnuts","Wheat","Apples_Area_sqkm_","Artichoke_Area","Asparagus_Area","Barley_Area","Beets_Area","BellPeppers_Area","Broccoli_Area","Cabbage_Area","Carrots_Area","Cauliflower_Area","Celery_Area","ChinesePeas_Area","Citrus_Area","Corn_Area","Cotton_Area","Cowpeas_Area","Cucumber_Area","Eggplant_Area","Flax_Area","Grapes_Area","GreenBeans_Area","GreenPeas_Area","Hay_Area","Lentil_Area","Lettuce_Area","Millet_Area","Oats_Area","Onion_Dry_Area","Onion_Green_Area","Orchards_Area","Peanuts_Area","Potato_Area","Pumpkin_Area","Radish_Area","Rice_Area","Rye_Area","Safflower_Area","Sorghum_Area","Soybean_Area","Spinach_Area","Squash_Area","Sugarbeets_Area","Sugarcane_Area","Sunflower_Area","Tomato_Area","Walnuts_Area","Wheat_Area","Sum_Ca","Nca_Da","Sum_Ca_Nca","Industrial_Demand_cu_km_","Livestock_Demand","Aquaculture_Demand","Mining_Demand","Thermoelectric_Demand"
"AL","Alabama",4395481,365.06,365.06,133943.272152,12719.11101184,2088.554430965,43583.4696779,36873.6822671,39803.258973,50548.9233765,50090.90489400001,24650.8700288,24650.8700288,24650.8700288,24650.8700288,24650.8700288,24650.8700288,32851.7172008,49693.484084699994,38283.85070390001,40124.0791898,49685.3113826,24007.114791300002,11753.816370300001,34294.9744215,57620.9768148,57620.9768148,14181.4194741,50090.90489400001,37298.2757653,39803.258973,56328.70443780001,58751.145664300006,57620.9768148,43021.1592744,59149.049043399995,57620.9768148,50090.90489400001,63885.08234410001,26177.3575701,39803.258973,38283.85070390001,48511.3304378,50090.90489400001,57620.9768148,46397.7963669,61604.300549,43527.556048,57620.9768148,59149.049043399995,50090.90489400001,59149.049043399995,40315.1411499,1.0482711139999998,0.0,0.0,0.0,0.0,0.18202,0.0,0.04853,0.04853,0.0,0.0,0.0162,0.413,738.52818217,1492.051680986,6.110416345,0.21437999999999996,0.020229999999999998,0.0,1.5623727699999996,0.06878000000000001,0.27088,3505.64660749,0.0,0.0,0.0,0.0,0.0,0.00405,88.55264400100002,696.4495206,2.225579101,2.16476878,0.0,0.0,0.0,0.0,0.0,607.17411894,0.0,1.9708406390000002,0.0,0.0,0.0,5.3289970900000005,0.0162,263.57993422,7413.917851440002,668.52,3508.4749058000007,0.0020827315999999998,0.00012983649999999996,0.0005248658000000001,0.00027538789999999997,0.019126196999999998
"AZ","Arizona",4894006,829.6299999999998,829.6299999999998,294514.48710499995,4878.18621576,228.08928864499998,11269.705163800001,9333.8405586,10106.420471700001,13073.916120799997,12919.7909469,5972.878987700001,5972.878987700001,5972.878987700001,5972.878987700001,5972.878987700001,5972.878987700001,8322.3268842,12939.425050500002,10014.3238392,10314.680134900002,12689.544070300002,5739.112326200001,2717.9958815000005,8745.886171999999,14749.187677900001,14749.187677900001,3285.2728221,12919.7909469,9739.1396629,10106.420471700001,14383.944153,14992.6384745,14749.187677900001,11226.430572399999,15244.210032199999,14749.187677900001,12919.7909469,16367.992982599999,6355.7075567,10106.420471700001,10014.3238392,12642.216303100002,12919.7909469,14749.187677900001,12067.5697702,15822.244003000002,11324.036215199998,14749.187677900001,15244.210032199999,12919.7909469,15244.210032199999,10246.419614200002,5.373387855999999,0.0,0.0,143.25,0.0081,0.0081,46.777613360000004,0.0081,0.0081,15.7301309,0.0,0.0,67.509630806,160.32,668.9696473670001,0.0,0.14548,0.00405,0.0,1.3474,0.0,0.0,1204.4011266350003,0.0,267.90185389999994,0.0,0.0,2.06787821,0.05259,111.77187247999998,0.0,0.32349,0.6634,0.00405,0.0,0.0,5.155695079,56.900000000000006,0.0,9.364428899,2.7536500000000004,0.0,0.0,0.0,0.25087999999999994,0.0,318.37,3089.766782916999,30.599999999999998,599.124108855,8.501300000000001e-5,4.2122899999999996e-5,4.571e-5,4.11509e-5,0.0001333
"AR","Arkansas",2566938,271.96999999999997,271.96999999999997,137044.641762,34124.01787508001,1362.2020456469997,47639.6837722,39219.3752188,42421.77948199999,55758.84958699999,55132.512596299995,25307.143457600003,25307.143457600003,25307.143457600003,25307.143457600003,25307.143457600003,25307.143457600003,34985.424744699994,54992.23308889999,42909.5723183,43129.6362918,54897.4755642,23534.6483057,10912.816824100002,36589.6925616,62999.263955099996,62999.263955099996,13209.6319902,55132.512596299995,40806.815208,42421.77948199999,61457.164312700006,64227.4909858,62999.263955099996,47341.05140699999,65347.3556607,62999.263955099996,55132.512596299995,69994.63532419999,26999.0379089,42421.77948199999,42909.5723183,54257.052934399995,55132.512596299995,62999.263955099996,51636.5074169,67427.66777870001,47509.9661231,62999.263955099996,65347.3556607,55132.512596299995,65347.3556607,43001.457122600004,0.817719329,0.0,0.01214,0.0,0.0,0.1414,0.00809,0.016149999999999998,0.016149999999999998,0.0,0.0,0.0,0.0,1067.7463327199998,3449.139773563,6.36907597,0.5907845030000001,0.01215,0.0,2.711164149,0.0,0.00405,5410.162795664,0.0,0.0242,0.0,0.0,0.00405,0.00405,54.772983957,0.0,0.24273999999999998,0.4119,0.0,5889.74006061,0.0,0.0,231.51,11888.550196299999,0.0081,0.16188,0.0,0.0,0.0,4.176273998,0.0,3225.03861488,31232.557338827,1863.81,5754.02797098,0.0006741390000000001,0.00024358769999999996,0.0003273913,0.0001110808,0.013255273
"CA","California",33603430,4469.5,4469.5,408638.76648620004,38302.10135981999,13598.216381499999,36312.773942,28700.9418641,31097.6146036,42943.654006000004,42310.7955883,18653.2874867,18653.2874867,18653.2874867,18653.2874867,18653.2874867,18653.2874867,25707.1508277,42615.3226212,33710.69126,32156.562157599998,42618.133740100006,17258.7718562,7728.84885221,26936.183802399995,47852.38377659999,47852.38377659999,9357.55023135,42310.7955883,31230.288023,31097.6146036,46551.8961076,48732.847724499996,47852.38377659999,36459.920122100004,50376.957757,47852.38377659999,42310.7955883,53303.7624061,19965.288585399998,31097.6146036,33710.69126,42510.4698048,42310.7955883,47852.38377659999,40226.8664985,51320.0877792,36199.7580122,47852.38377659999,50376.957757,42310.7955883,50376.957757,31562.215429900003,87.201511329,0.34800165699999996,64.27215195599999,317.95,1.25062413,82.09399263,422.6899725740001,35.381691852,35.381691852,125.116635702,98.601437471,6.689864332,1226.459756423,2114.2310322000003,1901.192911821,0.060649999999999996,21.68971886,4.779339911,0.0,3511.6799092659994,26.478581557,2.44785759,6183.1627349069995,0.0,913.306031448,0.0,839.1566691999999,160.708594482,5.311706445,11437.532114856,0.0,119.24005736400001,18.142693907,0.13358,2158.1254105,0.0,197.021204809,5.46,0.0,101.964596931,20.461672562000004,184.38,0.0,102.18717146099999,1349.381809793,964.481322343,2568.42428595,37416.510071136,741.07,4196.175172552999,0.00036225579999999997,0.0001712288,0.0002151494,0.0002377735,0.034838531
"CO","Colorado",4139027,560.2400000000001,560.2400000000001,269620.94953090005,46453.87356348,3068.889824776,35533.997167199996,26568.773264699998,29147.1352808,42245.2313439,41416.717732900004,14395.5639379,14395.5639379,14395.5639379,14395.5639379,14395.5639379,14395.5639379,23599.468671600003,42344.5754706,33875.16559,30806.0300248,40451.9223605,11239.49297324,3950.8770867400003,25477.835468799996,46060.1010449,46060.1010449,4858.348468079999,41416.717732900004,30961.0674153,29147.1352808,44512.355987099996,46655.2035834,46060.1010449,36119.720634799996,49333.457812,46060.1010449,41416.717732900004,51578.0666728,15617.6805639,29147.1352808,33875.16559,42527.3075133,41416.717732900004,46060.1010449,39934.48164430001,49758.30004129999,35765.767649199996,46060.1010449,49333.457812,41416.717732900004,49333.457812,29632.0338398,7.80371742,0.0,0.0,269.02753194,0.31529999999999997,0.31625000000000003,0.01214,6.543773118,6.543773118,0.0081,0.0,0.0,0.0,4570.028397100001,0.0,0.0,0.27564,0.00809,0.0,4.613411075999999,0.0,0.10522999999999999,6459.640779528001,0.0,2.4564044210000002,1043.9189883150002,0.0,25.928212524,0.0,27.615713286000002,0.0,139.73796766,8.425309526000001,0.0,0.0,0.0,5.701394485,819.3053193000001,0.0,0.00405,1.81288339,149.82999999999998,0.0,445.906921489,1.2450299999999999,0.0728,9985.885029860001,23982.911505648004,1046.32,3001.465676687,0.0005393088999999999,0.00012110129999999999,0.000117801,0.0001177522,0.01994609
"CT","Connecticut",3289062,263.27,263.27,12889.2457345,662.41432592,1985.3349464799999,4205.6516796,3264.7927842,3586.8282688,4923.8227538,4847.8686303,1722.3018159,1722.3018159,1722.3018159,1722.3018159,1722.3018159,1722.3018159,2868.3717362999996,4902.170332,3841.8119156,3707.6760699,4583.325913000001,1364.3644758,536.07868579,3116.9123016,5415.9872958000005,5415.9872958000005,662.02311551,4847.8686303,3640.9462446,3586.8282688,5245.1255237,5483.8087894,5415.9872958000005,4216.7078344,5706.1656308,5415.9872958000005,4847.8686303,6093.9746338,1857.3487526,3586.8282688,3841.8119156,4829.810734799999,4847.8686303,5415.9872958000005,4584.7777345,5847.0157963,4228.309266900001,5415.9872958000005,5706.1656308,4847.8686303,5706.1656308,3640.2858124,9.8020842,0.0,0.10909999999999999,0.0,0.03233,1.5984311829999998,0.16182999999999997,0.3966799999999999,0.3966799999999999,0.07279,0.0,0.0,0.0,0.0,0.0,0.0,0.950910987,0.7810841559999999,0.0,2.039644224,0.0,0.1861,290.00582475999994,0.0,0.12947,0.0,0.0,0.01619,0.020199999999999996,14.86410363,0.0,0.4043,5.548240151999999,0.0,0.0,0.0,0.0,0.0,0.0,0.0,3.01894291,0.0,0.0,0.0,2.4649030610000002,0.0,0.0,332.99962739,40.339999999999996,425.77361976,0.00040056,1.105e-5,5.855e-5,2.4729e-5,0.0014429999999999998
"DE","Delaware",762227,51.06,51.06,5321.353053000001,1751.3717428,553.82121383,1713.9262135999998,1378.8863261,1501.7460143,1996.2692747,1970.4769525000002,794.7970516999999,794.7970516999999,794.7970516999999,794.7970516999999,794.7970516999999,794.7970516999999,1221.6936791,1978.4748098,1541.6310085,1538.9031475,1888.6407011000001,691.5877337,305.19373843,1300.8605154,2230.2923898999998,2230.2923898999998,371.6401875,1970.4769525000002,1477.3793682,1501.7460143,2168.996999,2264.683507,2230.2923898999998,1707.9388598,2321.7125770000002,2230.2923898999998,1970.4769525000002,2490.817304,851.7529954,1501.7460143,1541.6310085,1941.9922538,1970.4769525000002,2230.2923898999998,1849.7378386,2397.7263433,1718.9117207000002,2230.2923898999998,2321.7125770000002,1970.4769525000002,2321.7125770000002,1523.0435119,0.0,0.0,0.00809,103.3966186,0.00809,0.0,0.0,0.00405,0.00405,0.10930000000000001,0.0,0.0,0.0,701.32021762,0.0,1.129072941,16.434296496,0.01214,0.0,0.0,25.64088228,20.537796332,50.1810196,0.0,0.0121,0.0,0.0,0.0,0.0,0.0,0.0,6.72587537,0.898402125,0.0202,0.0,0.0,0.0,0.0,746.4426667,0.0,0.2796,0.0,0.0,0.0,0.469389083,0.0,240.38327138,1914.0173998,92.42,341.6588289,0.0001566,3.026e-6,3.85e-5,2.043e-6,0.00315
"DC","District of Columbia",513618,82.74,82.74,171.1031615,0.0,3001.803096,584.804683,472.8996498,514.6822681,680.5947182,672.16967,269.2397942,269.2397942,269.2397942,269.2397942,269.2397942,269.2397942,419.0353251,673.7348497,524.2438434,526.127585,641.2173144,235.9817703,103.8980221,445.543012,761.7146289,761.7146289,126.5405865,672.16967,503.2725766,514.6822681,741.1720709,773.746644,761.7146289,581.6658089,790.9523337,761.7146289,672.16967,850.7496988,288.5961608,514.6822681,524.2438434,660.5375731,672.16967,761.7146289,630.0088197,818.4677628,585.9992225,761.7146289,790.9523337,672.16967,790.9523337,521.8968774,0.0,0.0,0.0,0.0,0.0,0.0,0.0,0.0,0.0,0.0,0.0,0.0,0.0,0.0,0.0,0.0,0.0,0.0,0.0,0.0,0.0,0.0,0.0,0.0,0.0,0.0,0.0,0.0,0.0,0.0,0.0,0.0,0.0,0.0,0.0,0.0,0.0,0.0,0.0,0.0,0.0,0.0,0.0,0.0,0.0,0.0,0.0,0.0,0.0,0.0,0.0,7.95e-7,0.0,3.33e-6,0.00232
"FL","Florida",13142359,1472.37,1472.37,139381.87578230002,11731.96449888,6431.713481987999,43139.808833999996,37884.7570174,40666.435756700004,49513.1071261,49234.3276757,27871.3587948,27871.3587948,27871.3587948,27871.3587948,27871.3587948,27871.3587948,33849.2624585,48392.267156199996,36733.6132098,40540.3581687,49222.9316443,29503.8311742,15679.2465879,34925.3234551,57340.810362599994,57340.810362599994,18779.855448100003,49234.3276757,36731.3886745,40666.435756700004,56270.8398726,58568.2948442,57340.810362599994,42167.594887900006,57846.0241381,57340.810362599994,49234.3276757,63259.056622000004,29388.3019775,40666.435756700004,36733.6132098,46645.8971877,49234.3276757,57340.810362599994,44963.099162599996,61105.1761395,43012.9326521,57340.810362599994,57846.0241381,49234.3276757,57846.0241381,41150.62849919999,0.30752252199999996,0.0,0.0,0.0,0.00809,70.933264483,0.03642,28.287541528,28.287541528,0.0,0.0,0.0,2353.129597277,177.77,318.53211564000003,3.824318432,77.121102577,2.533307268,0.0,2.776329177,0.0364,0.489227128,1324.759576347,0.0,29.02407283,0.0,0.0,0.05669,0.028339999999999997,2695.113297961,429.14580520000004,73.93608396900001,0.29084,24.80318243,0.0,0.0,0.0,0.0,20.032,0.0081,3.682883454,0.0,1531.8160918,0.0,137.423056944,0.0,0.0,9334.353566083999,499.9,3868.9009183000007,0.0009245592,0.00013230959999999998,0.0002242815,0.0011593938,0.025119082
"GA","Georgia",7950119,847.1,847.1,151848.98815669998,18122.518952939998,9548.4460727,103740.09158269998,88220.2944034,95200.7526374,119910.3255009,118896.2491513,58385.3089582,58385.3089582,58385.3089582,58385.3089582,58385.3089582,58385.3089582,78562.5699356,117796.393038,90343.48892090002,95796.53069060002,116573.4789433,57830.274204999994,28770.1949909,81994.6025293,136931.85956620003,136931.85956620003,34669.6131617,118896.2491513,88716.4277526,95200.7526374,133923.6187066,139584.21465359998,136931.85956620003,102184.9190222,139760.1507951,136931.85956620003,118896.2491513,151823.3117916,61917.1330433,95200.7526374,90343.48892090002,114348.67746530002,118896.2491513,136931.85956620003,109798.12932,146385.7410019,103619.85709689998,136931.85956620003,139760.1507951,118896.2491513,139760.1507951,96408.805781,2.646569566,0.0,0.0,0.0,0.0,11.270506566999998,0.0081,21.521117314,21.521117314,0.0,0.0,0.0,0.0,1167.6374623699999,4013.0934969869995,1.553836407,30.128749784,2.913739766,0.0,2.4968469009999996,0.0081,1.845376008,2617.0158555800003,0.0,0.024249999999999997,3.747170778,0.0,39.683470346,1.226197495,508.2323242359999,2166.88065031,0.16992000000000002,0.0566,0.0,0.0,694.1145667300001,0.0,0.0,616.2834029100001,0.0,11.6228654,0.0,0.0,0.8619804179999999,13.370732574000002,0.0,1098.0536901,13048.882136436,1857.9099999999999,9325.688782599,0.0020966934000000003,0.00031914309999999996,0.0008371864,0.0006027011999999999,0.0299297329
"ID","Idaho",1273309,267.46000000000004,267.46000000000004,215859.04314300002,23952.955607540003,462.28278380200004,24485.749299999996,17690.835961799996,19450.749864200003,29474.1893619,28862.088845,8580.8432922,8580.8432922,8580.8432922,8580.8432922,8580.8432922,8580.8432922,15707.9584089,29538.8755048,23856.021511,20664.3261005,27674.698717400002,6224.41336881,1803.36338642,16984.461973,31854.1258351,31854.1258351,2233.641175,28862.088845,21179.6813073,19450.749864200003,30734.529971399996,32311.3058472,31854.1258351,24948.353899800004,34276.903198,31854.1258351,28862.088845,35881.678584199995,9407.5654056,19450.749864200003,23856.021511,29858.4340121,28862.088845,31854.1258351,28073.338746300004,34399.5812045,24444.1412053,31854.1258351,34276.903198,28862.088845,34276.903198,19784.519522299997,11.538789046,0.0,0.0,2440.01388501,0.0,0.00405,0.0,0.0,0.0,0.0,0.0,7.146748437,0.0,703.9369588799999,0.0,0.0,0.03233,0.00405,0.0,5.9893012400000005,0.0,0.0081,5204.144044265,144.76907968,0.0,0.0,302.58,35.932038156,0.01215,30.966045578,0.0,1212.03350406,0.715893909,0.0,0.0,0.0,18.093495053,0.0,0.0,0.0,0.09302999999999999,758.50086279,0.0,0.0,0.11327,0.044449999999999996,5065.19655394,15941.979790925001,817.4899999999999,2840.3181641000006,0.0002393062,0.000119239,0.0029826814,0.00010335449999999998,0.00356416
"IL","Illinois",12187552,1148.75,1148.75,145814.74139610003,95941.73877574,7151.864871901,59183.882851,46880.613369700004,51284.7724359,69167.0032113,68185.30497,25501.1772948,25501.1772948,25501.1772948,25501.1772948,25501.1772948,25501.1772948,41350.4410223,68694.2692682,53776.59608,52741.019842400005,65424.02397840001,20553.8724777,8014.263689669999,44491.59112669999,76735.70442909998,76735.70442909998,9865.056549519999,68185.30497,51148.691509799995,51284.7724359,74470.68667269999,77823.19620559999,76735.70442909998,59166.3365107,80645.9901751,76735.70442909998,68185.30497,85952.7143895,27479.5755231,51284.7724359,53776.59608,67803.6279001,68185.30497,76735.70442909998,64266.1524804,82661.9241148,59450.867697400005,76735.70442909998,80645.9901751,68185.30497,80645.9901751,52028.778198,4.734976793,0.0,0.16588,0.0,0.0607,1.193376781,0.11329,1.169309823,1.169309823,0.0,0.0,0.00809,0.0,47736.62891120999,0.0,0.0,3.427671151,0.12541999999999998,0.0,2.1091075459999997,0.0202,36.085778133,2273.7141389450003,0.0,0.02833,0.0,74.24,0.08502,0.01619,22.392758267,0.0,2.282240809,40.140828412999994,0.020229999999999998,0.0,0.0,0.0,197.04,39471.029241790005,0.016149999999999998,0.44087,0.0,0.0,1.9745888299999999,2.12778475,0.0769,3590.4439795900003,93463.35093274,6497.16,10016.28547203,0.0013765555,0.0001718535,0.00031734,0.0003036851,0.0463451758
"IN","Indiana",5979311,476.65999999999997,476.65999999999997,94276.3556039,51460.02149402,5718.095613491,52502.8806059,41532.645162099994,45455.1510413,61392.29549099999,60515.30543319999,22773.101293099997,22773.101293099997,22773.101293099997,22773.101293099997,22773.101293099997,22773.101293099997,36610.56929230001,60974.117862399995,47766.10563449999,46750.67785580001,58232.1812511,18326.538277999996,7162.923162020001,39447.368423500004,68082.21907850001,68082.21907850001,8818.007740489998,60515.30543319999,45371.3427863,45455.1510413,66058.2998624,69045.3665702,68082.21907850001,52481.7236199,71645.9579962,68082.21907850001,60515.30543319999,76272.994305,24539.7113375,45455.1510413,47766.10563449999,60244.525439799996,60515.30543319999,68082.21907850001,57051.491009699996,73350.7827018,52743.9059249,68082.21907850001,71645.9579962,60515.30543319999,71645.9579962,46114.709330099984,4.689477911000001,0.0,0.06867999999999999,0.0,0.0081,0.8450659899999999,0.00405,0.06465,0.06465,0.0081,0.0,0.0,0.0,23107.56901986,0.0,0.0,3.747273922,0.02024,0.0,0.5058756680000001,0.0,0.0,2084.325433392,0.0,0.032299999999999995,0.0,0.0,0.03235,0.00405,11.549442706999999,0.0,4.710665503,8.380872643,0.00809,0.0,0.0,0.0,0.0,22104.739137610002,0.0,0.392074257,0.0,0.0,0.0,12.395348545000001,0.12135,1649.92164964,48994.55010277,4921.72,8491.601318620002,0.0083182675,0.00022900599999999997,0.00013870189999999995,0.00025827879999999986,0.018807931699999995
"IA","Iowa",2877060,192.53,192.53,145707.46124,106498.5113164,1903.5499162740002,55192.6634138,42721.3191424,47036.6390759,64600.2122696,63590.6662132,21133.7405617,21133.7405617,21133.7405617,21133.7405617,21133.7405617,21133.7405617,37422.51000470001,64341.152298099994,50485.651930399996,48624.8389658,59744.2241535,15846.6029802,5413.38455634,40907.40695720001,70945.46815459999,70945.46815459999,6744.0396937000005,63590.6662132,47831.3682978,47036.6390759,68655.04927840001,71782.3805706,70945.46815459999,55327.0933633,74956.0779753,70945.46815459999,63590.6662132,79900.03956440001,22912.184993199997,47036.6390759,50485.651930399996,63516.0185908,63590.6662132,70945.46815459999,60163.09754829999,76664.00461089998,55560.959101,70945.46815459999,74956.0779753,63590.6662132,74956.0779753,47738.1591175,3.0756140199999997,0.0,0.06883999999999998,0.0,0.0162,0.24266,0.01214,0.00405,0.00405,0.00405,0.0,0.00405,0.0,50982.70186559999,0.0,0.0,0.04854,0.00405,0.0,2.156533884,0.0,4.961449115000001,4309.543234727,0.0,0.01215,0.0,775.147,0.02024,0.00809,8.877584953,0.0,0.32781999999999994,2.155947273,0.0,0.0,0.0,0.0,0.0,40254.687839,0.0,0.16177999999999998,0.0,0.0,0.0,0.50994,0.01214,37.958,96382.83814136001,7186.139999999999,8931.727999606996,0.0007175623000000001,0.000379897,0.0021338544,0.0001385269,0.012250556
"KS","Kansas",2672387,223.46,223.46,212889.13589469998,114186.46075924,1836.6161974299996,66735.954122,52877.70250839999,57544.927612600004,78468.12899340001,77364.1690612,30276.587890199997,30276.587890199997,30276.587890199997,30276.587890199997,30276.587890199997,30276.587890199997,47035.8542914,77830.75722490001,61286.451344099994,59232.357190799994,75290.7718688,25872.2096855,10692.767954310004,49829.6412569,87333.24866409999,87333.24866409999,13067.076172899999,77364.1690612,57438.5383629,57544.927612600004,84885.5336426,88797.95405670001,87333.24866409999,66828.24717219999,91548.61798719999,87333.24866409999,77364.1690612,97581.84688900001,32554.0079446,57544.927612600004,61286.451344099994,77165.45354090001,77364.1690612,87333.24866409999,73269.58163169998,93820.4475684,66690.40983880001,87333.24866409999,91548.61798719999,77364.1690612,91548.61798719999,58393.9573923,0.465376507,0.0,0.21844797,0.0,0.01214,0.10111,0.00405,0.0081,0.0081,0.0,0.0,0.0,0.0,14321.501913029997,148.851472834,0.0,0.04858,0.0081,0.0,0.716198216,0.0,0.0243,11054.550824467,0.0,0.0081,2.144833903,0.0,0.01619,0.0,27.995111806,0.0,2.456228457,2.585901898,0.00405,0.0,0.0,0.0,11617.48833622,11830.622487229999,0.00405,0.11327999999999999,0.0,0.0,605.7698906759999,0.39625341599999997,0.0,40583.952979919995,90199.92545074999,5562.920000000001,8530.193166620003,0.00015848949999999997,0.0002784843,0.00019488049999999999,0.00012212560000000002,0.0074086855
"KY","Kentucky",3988695,278.28,278.28,104427.7795569,29453.443672460002,4847.486059270001,72447.18697410001,58974.2891845,64150.1746537,84456.8828562,83448.78326410001,34543.4742022,34543.4742022,34543.4742022,34543.4742022,34543.4742022,34543.4742022,52232.9692353,83485.30452290001,64983.8023425,65351.1201953,80996.36388029999,30012.893268699998,12976.935904839998,55477.4688747,94768.0765394,94768.0765394,15843.959218700002,83448.78326410001,62280.2767894,64150.1746537,92253.55462370001,96352.90696899999,94768.0765394,72012.3172418,98659.20757239999,94768.0765394,83448.78326410001,105747.371941,37014.7056401,64150.1746537,64983.8023425,82109.59335339999,83448.78326410001,94768.0765394,78109.7354529,101745.72024740001,72536.80573619998,94768.0765394,98659.20757239999,83448.78326410001,98659.20757239999,65034.197088199995,4.415014769,0.0,0.113142277,24.26,0.0081,0.550332549,0.02429,0.18609599,0.18609599,0.0,0.0,0.00405,0.0,4947.90047437,0.0,0.01618,0.6107799999999999,0.01215,0.0,1.9464429409999997,0.00405,0.0081,9862.094822627,0.0,0.06478,0.0,0.0,0.02024,0.0162,14.717092331000002,0.0,1.1087588359999998,3.544386698,0.0,0.0,0.0,0.0,22.18,5242.368955145001,0.00405,0.631272796,0.0,0.0,0.080937128,3.3213844029999997,0.0,1838.7845451699998,21968.687871674,3421.71,7688.682445789997,0.0007054826999999999,0.00046320500000000006,0.0016746884999999999,0.0003237359,0.02082384
"LA","Louisiana",4386033,528.66,528.66,118714.29201990001,18972.096506280002,3531.989454439,40648.6672935,34583.4242597,37234.51748440001,47268.09699520001,46848.2232428,25027.4028511,25027.4028511,25027.4028511,25027.4028511,25027.4028511,25027.4028511,30909.6851209,46425.9570597,35824.6187628,37512.5152238,47688.289658199996,25039.0744891,12643.3503746,32057.2534396,54055.0087299,54055.0087299,15203.470719800001,46848.2232428,34741.46071399999,37234.51748440001,52890.8748,55187.15139770001,54055.0087299,40139.8316848,55495.0003116,54055.0087299,46848.2232428,59784.556991399986,26500.171100199994,37234.51748440001,35824.6187628,45455.127559600005,46848.2232428,54055.0087299,43413.031437599995,57709.3577706,40533.864421,54055.0087299,55495.0003116,46848.2232428,55495.0003116,37710.82934340001,0.048558564,0.0,0.0,0.0,0.00405,0.032339999999999994,0.032299999999999995,0.22657398500000003,0.22657398500000003,0.0121,0.0,0.0,3.0878447179999995,1771.39280588,1339.375928681,1.1045756669999998,0.28318,0.10525000000000001,0.0,0.09715,0.0,0.0162,1801.9219831960002,0.0,0.0364,0.0,0.0,0.0,0.0,72.887515224,0.0,0.22261999999999998,0.113,0.0,1787.22676283,0.0,0.0,340.39933966,3145.6870918900004,0.0,0.22258,0.0,1640.729138882,0.0,0.8012199999999999,0.0,563.92663377,12470.205949816002,1110.24,3558.4452686709983,0.0117745806,9.34849e-5,0.0003684865,0.0003998533,0.015203327
"ME","Maine",1257219,71.92,71.92,83299.00412150001,2141.81279564,510.98165507500005,7702.0957504,5701.211787100001,6320.7790177,9100.2401725,8922.3485869,2713.7746967,2713.7746967,2713.7746967,2713.7746967,2713.7746967,2713.7746967,4974.096831000001,9125.9457046,7241.3935547,6648.8720573,8328.2467485,1968.84887747,637.88349691,5533.161108599999,9843.354062,9843.354062,796.4967642700001,8922.3485869,6716.7438605,6320.7790177,9483.5049911,9936.1067367,9843.354062,7794.5531951,10523.723977900001,9843.354062,8922.3485869,11112.763685599999,2958.338606,6320.7790177,7241.3935547,9079.022193999997,8922.3485869,9843.354062,8547.0138498,10678.079976300001,7780.0284328,9843.354062,10523.723977900001,8922.3485869,10523.723977900001,6422.030748300001,11.13111084,0.0,0.02024,0.0,0.09709999999999999,0.21445999999999998,0.044469999999999996,0.048479999999999995,0.048479999999999995,0.0,0.0,0.02829,0.0,0.0,0.0,0.0,0.52134,0.00405,0.0,0.08499,0.0,0.31128999999999996,620.318339477,0.0,0.21831,0.0,0.0,0.04447999999999999,0.01215,12.196544364000001,0.0,0.16997141100000002,2.544783732,0.0,0.0,0.0,0.0,0.0,0.0,0.00405,1.12106079,0.0,0.0,0.0,0.67149,0.0,0.0,649.852297625,53.25,712.017539417,0.0007095500000000001,3.5197900000000004e-5,0.00024643500000000004,4.0788e-5,0.0023340530000000004
"MD","Maryland",5212902,610.0799999999999,610.0799999999999,25226.1534534,5687.62701214,6741.249394660001,13851.091009099999,11150.2177666,12147.7852267,16129.721813499998,15924.418034300003,6327.5616176,6327.5616176,6327.5616176,6327.5616176,6327.5616176,6327.5616176,9871.3280007,15978.579378899998,12448.1451247,12435.225156999999,15212.522884300002,5474.5944346999995,2384.13031464,10520.0898326,18021.843392400002,18021.843392400002,2906.87452607,15924.418034300003,11930.379839600002,12147.7852267,17526.5077183,18300.3505585,18021.843392400002,13792.0033525,18755.467703000002,18021.843392400002,15924.418034300003,20139.0026236,6786.696749500001,12147.7852267,12448.1451247,15683.239555,15924.418034300003,18021.843392400002,14941.4719056,19374.554576,13886.388339,18021.843392400002,18755.467703000002,15924.418034300003,18755.467703000002,12319.293203999998,7.021218267,0.0,0.15374,163.57227704000002,0.028289999999999996,0.44111,0.06869,0.1456,0.1456,0.0,0.0,0.0,0.0,1953.6962960700002,0.0,0.00405,9.947084319999998,0.09303,0.0,1.9826237070000001,1.4972651680000002,9.947179368,813.743851295,0.0,0.09304,0.0,0.0,0.016149999999999998,0.0081,18.190448794000005,0.0,10.549589342,5.980986413999999,0.0,0.0,0.0,0.0,0.0,1907.1524706,0.101,0.9345961859999999,0.0,0.0,0.089,3.119828676,0.0,804.67651105,5713.39236239,563.9399999999999,2216.09083083,0.0009505745999999999,3.74314e-5,0.0001156547,2.64926e-5,0.0040874746
"MA","Massachusetts",6206482,527.86,527.86,21166.836079,758.4058451799999,6929.39055877,6611.638958899998,5086.214215399999,5592.0207984,7763.5258667,7637.425433599999,2686.251029,2686.251029,2686.251029,2686.251029,2686.251029,2686.251029,4470.8010227,7739.2576341,6087.556268900002,5801.2225102,7241.5694834,2118.5606402,825.3701626499999,4864.0831419,8514.606314,8514.606314,1018.5004054000001,7637.425433599999,5729.6327105,5592.0207984,8240.0652584,8620.1118405,8514.606314,6644.871324299999,9000.974861599998,8514.606314,7637.425433599999,9583.3457143,2900.1973901,5592.0207984,6087.556268900002,7649.2026731999995,7637.425433599999,8514.606314,7248.354021199999,9196.2981932,6647.8146803,8514.606314,9000.974861599998,7637.425433599999,9000.974861599998,5676.9969352,4.252108539,0.0,0.40873339,0.0,0.14569,1.140632498,0.23879,0.849895295,0.849895295,0.04049,0.00809,0.02429,0.0,0.0,0.0,0.0,1.6548283869999998,0.259,0.0,0.716256781,0.0,0.14973999999999998,330.71295574500004,0.0,0.8300224989999999,0.0,0.0,0.323676806,0.04854,21.788274966000007,0.0,10.266887634,8.207043681,0.01619,0.0,0.0,0.0,0.0,0.0,0.05253,7.478900417000002,0.0,0.0,0.0,2.2829614300000003,0.0,0.0,392.787884121,42.32,579.6796556840001,0.00042537399999999996,5.7155e-5,0.00016179,4.9191e-5,0.007238
"MI","Michigan",9907530,809.81,809.81,149958.75345279998,31580.25071062,5937.304792098001,43218.000705599996,32455.706611299996,35926.9596212,50797.050892700005,49858.118869699996,15221.2128858,15221.2128858,15221.2128858,15221.2128858,15221.2128858,15221.2128858,28329.245227699997,50874.4980777,40147.0704415,37618.651646599996,46160.3894982,11139.27996931,3663.3413295799996,31403.8536711,55177.873510699996,55177.873510699996,4563.18553964,49858.118869699996,37669.8467072,35926.9596212,53221.4737589,55692.75076829999,55177.873510699996,43597.04885020001,58693.6983196,55177.873510699996,49858.118869699996,62233.9924817,16579.5424348,35926.9596212,40147.0704415,50375.753636,49858.118869699996,55177.873510699996,47540.032025099994,59826.14235310001,43675.76687209999,55177.873510699996,58693.6983196,49858.118869699996,58693.6983196,36490.551270200005,99.23299890999999,0.0,46.910342070999995,11.64,1.096680391,5.664859191000001,0.37992999999999993,7.267857621,7.267857621,0.68379735,4.868368274,0.0121,0.0,9170.24739309,0.0,0.0,111.203497893,0.87823074,0.0,58.849127621,0.01214,0.1173,3900.945043945,0.0,0.22646999999999998,0.0,242.11999999999998,14.588955714,0.0769,466.492683201,0.0,135.889036704,24.888550233000004,1.7765419740000004,0.0,0.0,0.0,0.0,8027.90276516,0.72434673,27.822118684000003,640.74292347,0.0,14.479652271,17.537898780000003,0.416801954,2339.5648791999997,25382.704976934,1901.49,5815.300136179996,0.0023842498000000005,0.00014245770000000002,0.00033866030000000006,0.00033230849999999997,0.0203328819
"MN","Minnesota",4820250,350.7799999999999,350.7799999999999,218907.06365999999,88822.92353956003,3733.916532947,45684.568540399996,34051.55085120001,37811.533052499995,53722.4404815,52715.2574809,14731.4528007,14731.4528007,14731.4528007,14731.4528007,14731.4528007,14731.4528007,29583.866187400003,53817.5034279,42463.0551564,39585.507846299995,48045.95010280001,10276.62522394,2875.1506908700003,33075.54075870001,58173.9458617,58173.9458617,3610.45976953,52715.2574809,39790.69855880001,37811.533052499995,56048.8754229,58672.9980745,58173.9458617,46072.01961860001,61893.6408906,58173.9458617,52715.2574809,65773.0505534,16133.4642494,37811.533052499995,42463.0551564,53241.370343099996,52715.2574809,58173.9458617,50270.34646080001,63145.224589800004,46167.340263599996,58173.9458617,61893.6408906,52715.2574809,61893.6408906,38403.1224817,3.312030715,0.0,0.17392999999999997,418.77,0.10518,0.586802498,0.32764,0.9023398739999999,0.9023398739999999,0.03234,0.0,0.00405,0.0,29844.78044307,0.0,0.0,0.55365,0.11739999999999999,8.049667173,1.901655591,1.756335686,253.126756828,6278.29304991,0.0,0.12953,0.0,1123.1337469900002,0.9874110380000001,0.01619,19.587798153,0.0,120.50303225300001,7.533784382,0.0,0.0,0.0,0.0,0.0,29032.145348570004,0.0121,3.2080837079999998,1955.67460723,0.0,503.266743234,1.20548339,0.0,7581.161052289999,77162.18026511799,4596.370000000001,7156.05194601,0.0005246936,0.000202467,0.0004847317,0.0008762470000000001,0.0062339058999999995
"MS","Mississippi",2788415,340.12,340.12,123332.553436,22382.47445908,1811.8025024319998,52939.053329300004,44610.3481107,48138.7417424,61587.1747114,60995.5654469,30490.9833712,30490.9833712,30490.9833712,30490.9833712,30490.9833712,30490.9833712,39797.8720711,60587.034522600006,46837.144724599995,48628.5106927,61198.34278259999,29592.6413799,14465.9094552,41485.7308897,70123.6060682,70123.6060682,17450.094607,60995.5654469,45334.3211623,48138.7417424,68534.71256459999,71521.1954541,70123.6060682,52368.1263683,72211.9534881,70123.6060682,60995.5654469,77706.2971496,32376.277888,48138.7417424,46837.144724599995,59363.15940219999,60995.5654469,70123.6060682,56653.2707045,74962.6549576,52858.9404219,70123.6060682,72211.9534881,60995.5654469,72211.9534881,48766.3768132,0.04854,0.0,0.0,0.0,0.0,0.02019,0.0,0.0,0.0,0.0,0.0,0.0,0.0,2037.56819228,2604.864352951,3.9159694,0.23462,0.0,0.0,0.12933999999999998,0.0,0.424804231,2675.5901514019997,0.0,0.0,0.0,0.0,0.0,0.0,63.040985679,0.0,0.3561099999999999,0.0931,0.0,945.3708083700001,0.0,0.0,83.33,6568.1732169100005,0.0,0.11318999999999999,0.0,0.0,0.0,1.4438179439999999,0.0,629.93838837,15614.957371030001,1476.2,4338.270139100001,0.0007456277,0.0001673216,0.0004154755,0.0004286558000000001,0.012120999
"MO","Missouri",5502243,511.94,511.94,180865.9815917,66391.14618172,5213.3432196469985,69054.39952149999,55240.908963899994,60155.48245829999,80911.48443010001,79849.69175370001,31705.761415099998,31705.761415099998,31705.761415099998,31705.761415099998,31705.761415099998,31705.761415099998,48977.2178057,80117.3616287,62830.146717300006,61617.1231637,77634.02837620002,26831.237197200004,11125.98921824,52053.428613799995,90330.29023580001,90330.29023580001,13619.38464473,79849.69175370001,59351.888039699996,60155.48245829999,87831.7930368,91840.9631732,90330.29023580001,68884.93359890001,94514.0186494,90330.29023580001,79849.69175370001,100934.78785270001,34070.8391638,60155.48245829999,62830.146717300006,79249.0497501,79849.69175370001,90330.29023580001,75230.55070030001,97031.7189707,69035.41629959998,90330.29023580001,94514.0186494,79849.69175370001,94514.0186494,61014.7276306,4.877016703999999,0.0,0.10518999999999999,0.0,0.0324,0.16993999999999998,0.00405,0.0607,0.0607,0.0121,0.0,0.0,0.0,11752.183218279999,1524.30512649,8.733075586,0.26686,0.01214,0.0,6.328243618,0.0,0.0,15487.333551,0.0,0.0283,0.0,0.0,0.032389999999999995,0.0081,84.42574594899999,0.0,0.38430999999999993,3.1287037059999996,0.0,784.1066641100001,0.0,0.0,391.80313092999995,20345.40274118,0.00809,0.23452,0.0,0.0,0.538231904,1.80381,0.0,4044.7836984500004,54441.88189004,4356.63,8617.012038470002,0.0003062947,0.0002684745,0.00045270330000000004,0.0003699063,0.029124507100000002
"MT","Montana",885740,104.47000000000001,104.47000000000001,380682.707535,73821.64652907998,143.328994951,29829.894250100002,21475.589650500002,23669.8777642,35835.566750499995,35079.9803399,9728.170139999998,9728.170139999998,9728.170139999998,9728.170139999998,9728.170139999998,9728.170139999998,19000.1280549,35949.842289299995,28968.8630369,25166.5617949,32847.696887,7079.800072690001,2045.83274463,20691.084021299997,38654.61926769999,38654.61926769999,2522.87982636,35079.9803399,25848.272525,23669.8777642,37264.2861963,39168.30646090001,38654.61926769999,30391.941451600003,41458.47425580001,38654.61926769999,35079.9803399,43574.7737841,10700.2811381,23669.8777642,28968.8630369,36206.72875390001,35079.9803399,38654.61926769999,34083.582589,41794.179356199995,29832.5810111,38654.61926769999,41458.47425580001,35079.9803399,41458.47425580001,24075.0562656,0.46538848699999996,0.0,0.00405,3608.3969008,0.024279999999999996,0.0081,0.02833,0.03642,0.03642,0.0081,0.0,0.0,0.0,219.12,0.0,0.0,0.06477999999999999,0.0,79.88494573,0.15014,0.0,0.01619,11416.805176488,334.573854573,0.07289,0.0,288.78999999999996,0.06475,0.01214,5.9570447810000005,0.0,36.425549538999995,0.08484,0.00809,0.0,0.0,93.651961596,0.0,0.0,0.016149999999999998,0.16185999999999998,210.06,0.0,11.792539607,0.08094,0.0,22027.1330649,38333.098769058,1162.4600000000003,3078.4407116,0.0002539162,0.0001477947,0.0001589027,0.0001533405,0.00034056799999999997
"NE","Nebraska",1672199,237.39000000000001,237.39000000000001,200284.44672010004,86950.93513193999,1330.5837050919995,55762.273877600004,43085.18737859999,47203.98246120001,65629.44827849999,64588.009829300005,22551.815394100002,22551.815394100002,22551.815394100002,22551.815394100002,22551.815394100002,22551.815394100002,38083.32379459999,65347.0716558,51624.9124292,48963.498144,61750.184053499994,17859.134086899998,6524.86349773,41004.4436827,72276.29299120003,72276.29299120003,8055.58584613,64588.009829300005,48216.0682227,47203.98246120001,70030.23110769999,73289.7774143,72276.29299120003,56047.595828,76370.2683208,72276.29299120003,64588.009829300005,81122.81111029998,24409.767224000003,47203.98246120001,51624.9124292,64901.4912059,64588.009829300005,72276.29299120003,61438.3191847,77921.26593269999,55931.0142358,72276.29299120003,76370.2683208,64588.009829300005,76370.2683208,47927.4909378,0.186183688,0.0,0.03644,0.0,0.0,0.07683999999999999,0.00809,0.00809,0.00809,0.00405,0.0,0.0,0.0,34703.86034978,0.0,0.0,0.10522,0.0081,0.0,1.767953611,0.0,0.0,10391.931362664001,0.0,0.00405,515.492617678,386.2900000000001,0.00405,0.0,4.925077658999999,0.0,41.24156009000001,1.327248387,0.016149999999999998,0.0,0.0,0.0,1308.7751094500002,19332.09856185,0.0,0.36017051899999997,214.22164200000003,0.0,177.701512258,0.29936512299999996,0.0,7288.892755290001,74369.70364498,4792.73,8018.129541009998,4.2769e-5,0.00033418099999999996,0.0022010595999999998,0.00029073059999999994,0.024397171500000002
"NV","Nevada",1879204,458.83,458.83,286633.92123780004,3050.19122546,238.08872605000002,10780.0033811,8172.0831884,8903.9000329,12858.6490714,12629.193796799998,4649.1320741,4649.1320741,4649.1320741,4649.1320741,4649.1320741,4649.1320741,7310.742750299999,12829.4025618,10264.659955400002,9340.2387626,12488.8627841,3843.6461318,1442.99338748,7742.6437700999995,14121.1132904,14121.1132904,1778.72764082,12629.193796799998,9308.881664300001,8903.9000329,13687.011946499999,14354.4405691,14121.1132904,10916.725996699999,15029.788310499998,14121.1132904,12629.193796799998,15800.0474314,5025.485766099999,8903.9000329,10264.659955400002,12890.365357700002,12629.193796799998,14121.1132904,12157.341591800001,15191.663858900001,10758.9995721,14121.1132904,15029.788310499998,12629.193796799998,15029.788310499998,9048.1224169,0.004046856,0.0,0.0,4.05,0.0,0.0,0.0,0.0,0.0,0.0,0.0,0.0,0.0,0.0,0.0,0.0,0.0,0.0,0.0,0.17809,0.0,0.0,1890.4444612100003,0.0,0.0,0.0,0.0,0.0,0.0,1.4937,0.0,0.02828,0.11309,0.0,0.0,0.0,0.0,0.0,0.0,0.0,0.00809,0.0,0.0,0.0,0.0364,0.0,47.8,1944.1057773,23.98,925.8584104099999,2.2383e-5,3.8149e-5,0.000128765,0.00022044770000000002,0.0017296899999999999
"NH","New Hampshire",1215100,98.24999999999999,98.24999999999999,23982.0661326,521.79403466,631.45822381,5144.7077951,3861.1407595,4274.2243582,6051.8150189,5941.8292343,1855.4375805999998,1855.4375805999998,1855.4375805999998,1855.4375805999998,1855.4375805999998,1855.4375805999998,3369.1668661999997,6055.236376899999,4782.2304782,4468.6024624,5538.2362016,1363.6817945,456.11183220999993,3733.6159598000004,6575.5533454,6575.5533454,569.46992388,5941.8292343,4475.078805699999,4274.2243582,6342.95457,6640.2757459,6575.5533454,5185.9020206,6996.8792128,6575.5533454,5941.8292343,7423.2153638,2018.0582640000002,4274.2243582,4782.2304782,6000.0310902,5941.8292343,6575.5533454,5663.9217755,7126.693905700001,5191.665017300001,6575.5533454,6996.8792128,5941.8292343,6996.8792128,4341.0508181,0.101171411,0.0,0.048479999999999995,0.0,0.04854,0.14968,0.09312,0.01215,0.01215,0.0,0.0,0.0,0.0,0.0,0.0,0.0,0.2509,0.024239999999999998,0.0,0.089,0.0,0.1052,254.90743903999996,0.0,0.13757999999999998,0.0,0.0,0.02833,0.00405,9.246365263000001,0.0,0.32358999999999993,2.5565665269999998,0.00809,0.0,0.0,0.0,0.0,0.0,0.0081,0.8173242569999999,0.0,0.0,0.0,0.614886237,0.0,0.0,269.58943414,24.559999999999995,531.59181273,0.00015679799999999999,4.7225e-5,0.00061795,1.49817e-5,0.0007966270000000001
"NJ","New Jersey",8192386,604.96,604.96,19444.3409202,1977.68834134,15295.46162247,11661.813278399997,9210.251505100001,10068.343373299998,13625.9790341,13431.9131168,5108.018664,5108.018664,5108.018664,5108.018664,5108.018664,5108.018664,8135.7280813,13536.164255799999,10590.602453700001,10369.0855883,12816.225273400001,4248.9740892,1779.96731795,8735.090614300001,15108.1140264,15108.1140264,2180.9967094999997,13431.9131168,10072.0618069,10068.343373299998,14663.895682299999,15322.8143516,15108.1140264,11660.9787644,15831.9953653,15108.1140264,13431.9131168,16929.1721202,5491.6451432,10068.343373299998,10590.602453700001,13327.393724700001,13431.9131168,15108.1140264,12665.1472907,16272.491259299999,11706.1036407,15108.1140264,15831.9953653,13431.9131168,15831.9953653,10215.3529749,3.3396696269999997,0.0,3.8524767680000003,8.3,0.866042423,15.166879671,0.5141,2.306633903,2.306633903,0.06878999999999999,0.0,0.0,0.0,334.65819481,0.0,0.0,16.80278766,3.8605370889999997,0.0,4.1925378559999995,0.10924,0.315630247,451.14904098100004,0.0,5.904379260000001,0.0,0.0,0.00405,0.307564232,39.865582591,0.0,9.777144617,10.201859911,0.1295,0.0,0.0,0.0,0.0,348.78840733,7.923744871,13.961153586000002,0.0,0.0,0.0,16.705420457,0.052599999999999994,134.37359393,1435.8813138469998,186.08999999999997,1039.67021306,0.00032563069999999995,3.86407e-5,4.2335e-5,0.0003292956999999999,0.017742
"NM","New Mexico",1750921,207.08,207.08,315350.071504,9409.244920400002,393.196066518,22551.716130399993,18451.8114826,20032.6032996,26218.5762637,25889.005648399998,10912.7333079,10912.7333079,10912.7333079,10912.7333079,10912.7333079,10912.7333079,16404.668436599997,25980.2411946,20156.5562571,20495.7001868,25036.4119716,9988.8925525,4445.55419857,17352.566275999998,29436.9061775,29436.9061775,5407.61800218,25889.005648399998,19494.199913499997,20032.6032996,28669.525131600003,29901.1944421,29436.9061775,22493.779483699996,30480.6160952,29436.9061775,25889.005648399998,32744.4466443,11655.1313948,20032.6032996,20156.5562571,25409.568197300003,25889.005648399998,29436.9061775,24251.416874,31616.655687500002,22662.8801146,29436.9061775,30480.6160952,25889.005648399998,30480.6160952,20313.155257700004,2.3464822009999997,0.0,0.0243,0.0,0.0081,0.06874,0.00405,1.4042237569999998,1.4042237569999998,0.0,0.00405,0.0,0.0,356.21644023,167.02185815800001,0.08489,0.21032,0.0081,0.0,2.0915,0.00809,0.01214,1425.1207227189998,0.0,2.3268975900000006,0.0,0.0,28.510265904,0.02829,177.20268006700002,61.309,0.4939,1.975018634,0.0283,0.0,0.0,0.0,421.0915319,0.0,0.03229,1.73539,0.0,0.0,0.0,0.62677,0.0,1803.2931474,4454.666234674,139.92,1040.7624496730002,4.997830000000001e-5,6.77717e-5,0.00032871880000000003,0.0004307668,0.008969075699999999
"NY","New York",18223519,1862.8100000000002,1862.8100000000002,125774.35640985,17461.73551146,70745.87379488701,31703.7285349,24129.734056499998,26635.3902456,37200.51634450001,36565.3280345,12106.596595899999,12106.596595899999,12106.596595899999,12106.596595899999,12106.596595899999,12106.596595899999,21099.3582413,37149.864548,29256.3190799,27722.860621300002,34284.3268746,9253.4852547,3367.2323225600003,23228.2874267,40635.439802,40635.439802,4166.82357873,36565.3280345,27526.139672700003,26635.3902456,39257.7547893,41074.5254483,40635.439802,31871.6348084,43078.9541279,40635.439802,36565.3280345,45793.8883135,13122.140891699999,26635.3902456,29256.3190799,36748.4463806,36565.3280345,40635.439802,34734.3315036,43978.131790700005,31958.4209216,40635.439802,43078.9541279,36565.3280345,43078.9541279,27042.0390111,120.19336876,0.0,0.38409,0.0,7.081675073000001,4.345370633,1.383785838,41.916402436,41.916402436,0.918240468,0.00809,0.16583,0.0,4073.48409103,0.0,0.0,7.402102922000001,0.66858,0.0,171.881719385,0.00405,68.590098074,5648.655621430001,0.0,4.452186743,0.0,317.466,34.034022813,0.33164,403.74645793800005,0.0,74.92026294,26.470315152,0.08904,0.0,0.0,0.0,0.0,752.85290131,0.554803365,12.928552385000001,0.0,0.0,0.0,11.528636103000002,0.07285,472.00711259,12300.90166461,924.0,3739.436508260001,0.0011391279,0.0001729967,0.00045446440000000005,0.000369098,0.0278258937
"NC","North Carolina",7762819,604.26,604.26,127033.7984818,19810.205258839997,6160.323333294999,60926.0260715,50886.421461399994,55104.11927210001,70542.2060053,69856.35022580001,31555.739542699997,31555.739542699997,31555.739542699997,31555.739542699997,31555.739542699997,31555.739542699997,45206.3758592,69480.2515936,53528.6100002,55706.58098969999,67553.96768,29798.081229299998,14194.230075370002,47534.757555200005,79936.4560037,79936.4560037,17180.0618354,69856.35022580001,52211.79629490001,55104.11927210001,78032.37035090002,81365.0105384,79936.4560037,60209.139004900004,82073.70350100001,79936.4560037,69856.35022580001,88944.886454,33590.160709100004,55104.11927210001,53528.6100002,67612.37815849998,69856.35022580001,79936.4560037,64831.550258699994,85627.19312200001,60920.5670378,79936.4560037,82073.70350100001,69856.35022580001,82073.70350100001,55829.090918300004,27.830246980000002,0.0,0.11737999999999998,57.072,0.07289,8.895096502,0.11725999999999998,11.254163250999998,11.254163250999998,0.0,0.0,0.00405,0.0,3187.8173736900003,2101.018588164,1.006878242,41.698223928000004,0.31167,0.0,9.530594352000001,1.096904452,0.28318,2771.4407775480004,0.0,0.16175999999999996,0.0,154.777,0.04449,0.08904999999999999,55.00872471799999,357.02243896000004,40.430529502,5.920101443000001,0.687971879,0.0,0.0,0.0,15.889,5957.12967645,0.01619,6.774720671,0.0,0.0,0.165921113,11.076282442,0.0364,2517.77247249,17353.677090961,1570.8100000000002,7600.639644210999,0.0014910227000000003,0.00039305089999999997,0.0001811402,0.00023480929999999996,0.031152909999999995
"ND","North Dakota",631032,57.68,57.68,183402.38362900002,111398.64365710001,163.375462061,28223.048033499996,20548.067195699998,22820.5443442,33584.2574962,32895.210397099996,8825.4413862,8825.4413862,8825.4413862,8825.4413862,8825.4413862,8825.4413862,17906.3637373,33696.600048099994,26896.5504672,24100.1456243,30270.406197099997,6084.2513625,1584.4557998,19987.0888082,36210.2597532,36210.2597532,1977.14228476,32895.210397099996,24557.275231499996,22820.5443442,34847.345995200005,36576.1695664,36210.2597532,28621.0286974,38808.489659800005,36210.2597532,32895.210397099996,40902.0975897,9723.993411,22820.5443442,26896.5504672,33702.3282278,32895.210397099996,36210.2597532,31658.991582900002,39282.93535690001,28432.334484,36210.2597532,38808.489659800005,32895.210397099996,38808.489659800005,23191.639051200003,0.028327995,0.0,0.0,5304.58817856,0.0,0.0,0.0,0.0,0.0,0.0,0.0,0.0,0.0,6624.944196420001,0.0,0.0,0.00809,0.0,1273.9706353820004,0.05258,0.0,0.0,10267.1539706,429.865182684,0.0,8.178480936000001,1767.5373624500003,0.0,0.0,0.15788,0.0,265.42926568999997,0.25049,0.0,0.0,0.0,46.899019050999996,0.0,13489.869077200003,0.0,0.0607,1022.6536736,0.0,4267.750030753001,0.00809,0.0,35162.326062149994,79931.1567834,3313.98,3819.0589615399995,5.5631400000000004e-5,8.539600000000001e-5,2.3554e-5,2.1410900000000002e-5,0.0040257
"OH","Ohio",11281851,791.98,791.98,106691.85936159999,43838.71169588,9534.120839349998,49331.563305599986,38835.5744599,42559.7816907,57678.30552860001,56843.429957,20889.4110393,20889.4110393,20889.4110393,20889.4110393,20889.4110393,20889.4110393,34176.0472178,57312.6512794,44899.58182290001,43812.6366317,54272.700783,16726.914981399997,6531.1062280099995,36945.5134582,63832.13361180001,63832.13361180001,8038.7759492,56843.429957,42637.84680169999,42559.7816907,61901.3351607,64704.1768955,63832.13361180001,49320.06237380001,67176.82717369999,63832.13361180001,56843.429957,71612.196356,22530.5838986,42559.7816907,44899.58182290001,56585.513619900004,56843.429957,63832.13361180001,53612.6441411,68813.5956146,49568.3190601,63832.13361180001,67176.82717369999,56843.429957,67176.82717369999,43178.82453869999,8.61068582,0.0,0.24261,0.0,0.10924999999999999,4.1508972669999995,0.0688,3.807844864,3.807844864,0.08492999999999999,0.0,0.01214,0.0,13649.030051819998,0.0,0.0,5.604784238,0.10921999999999998,0.0,6.951498938,0.0202,0.024239999999999998,4296.409364068001,0.0,1.181621803,0.0,174.70736622,0.04043,0.04044,41.69816882800001,0.0,4.463004864,18.695894438000003,0.0,0.0,0.0,0.0,0.0,18233.587052529998,0.0,1.3112533649999998,0.0,0.0,0.0,25.465646471000007,0.0,4010.11067793,40490.324147348,3683.59,7568.81953981,0.0026599295000000003,0.000145294,0.001343038,0.0006976775,0.0387013019
"OK","Oklahoma",3383158,301.1099999999999,301.1099999999999,181307.779435,52640.037306700004,1784.0449279590002,50451.9337717,41003.7396679,44343.9788646,59334.9935134,58618.99492419999,26125.0578691,26125.0578691,26125.0578691,26125.0578691,26125.0578691,26125.0578691,36659.0746461,58577.950594,45993.708803,45246.7046496,58370.9771892,24165.338752800006,11048.364888600003,38252.445642800005,66810.1553649,66810.1553649,13374.4651638,58618.99492419999,43159.15734219999,44343.9788646,65138.41799739999,68141.9529992,66810.1553649,50278.989117499994,69519.10100529998,66810.1553649,58618.99492419999,74296.59750780002,27922.688752599995,44343.9788646,45993.708803,58072.83249999999,58618.99492419999,66810.1553649,55221.6303916,71499.2166645,50191.3679716,66810.1553649,69519.10100529998,58618.99492419999,69519.10100529998,44967.548734300006,0.10923685600000001,0.0,0.04045,0.0,0.032339999999999994,0.052579999999999995,0.01214,0.01619,0.01619,0.0,0.0,0.0,0.0,870.90610502,652.231849284,8.012624598,0.23470999999999995,0.0081,0.0,1.6215290569999996,0.0,0.0,13152.29181427,0.0,0.04447999999999999,0.0,9.120000000000001,0.06477,0.032339999999999994,582.1230624460001,117.47,0.31945999999999997,0.45721937999999995,0.016149999999999998,0.0,962.0264706600001,0.0,1087.6387286599997,1139.13439983,5.673661562,0.17812999999999998,0.0,0.0,11.533540797,0.78855,0.0162,24347.92889931,42950.52957108999,2203.5600000000004,5980.7366516,9.114330000000003e-5,0.0004313858,0.0001902648,0.0008485481999999998,0.0146168849
"OR","Oregon",3356108,440.89,440.89,251419.454297,20276.419720159996,1264.4359261230002,18870.3947992,14241.550710900001,15524.905407499999,22556.386366100003,22155.7629879,7548.8947401000005,7548.8947401000005,7548.8947401000005,7548.8947401000005,7548.8947401000005,7548.8947401000005,12709.7624273,22486.736318799998,17965.2002512,16256.9900486,21417.3692077,6228.360559399999,2265.45055773,13491.1108025,24740.4599395,24740.4599395,2764.26464548,22155.7629879,16246.4619766,15524.905407499999,23977.200503699994,25160.227824300004,24740.4599395,19082.5399928,26273.3055834,24740.4599395,22155.7629879,27733.418609300003,8193.9782418,15524.905407499999,17965.2002512,22549.7880334,22155.7629879,24740.4599395,21318.295990000002,26608.6953401,18779.950799299997,24740.4599395,26273.3055834,22155.7629879,26273.3055834,15771.1155062,4.159912789,0.0,0.06884,231.93999999999997,0.740537596,0.11313999999999999,4.338248672,2.804409519,2.804409519,4.565294143,0.0,4.115664984,0.0,134.457,0.0,0.0,3.8120522400000008,0.02429,0.0,69.69897792900001,0.0,82.21190247800001,4038.98528444,0.0,1.141129254,0.0,145.229,86.222304646,0.00405,401.079759501,0.0,139.859637085,7.567527672999999,0.29109999999999997,0.0,0.0,0.0,0.0,0.0,0.01215,6.438788665000001,45.7,0.0,0.0,1.43695,4.989277881,3683.73819185,9108.389244309,428.6499999999999,1573.48954659,0.0006518609999999999,8.062339999999998e-5,0.00119775,6.144009999999999e-5,0.0010817026000000001
"PA","Pennsylvania",11986139,703.5999999999999,703.5999999999999,117482.16423109999,19709.369648760003,10823.561572132001,36641.0023603,28504.721091900003,31322.866198400003,42856.3077099,42205.2012925,14855.5976307,14855.5976307,14855.5976307,14855.5976307,14855.5976307,14855.5976307,25018.0030885,42646.989890900004,33447.2724712,32350.7192502,39878.643256100004,11691.630719099998,4476.97875742,27229.0717167,47210.1321171,47210.1321171,5529.76011317,42205.2012925,31700.162160600008,31322.866198400003,45722.1514667,47803.714590300006,47210.1321171,36674.49845999999,49758.574354699995,47210.1321171,42205.2012925,53083.372569700005,16049.1499703,31322.866198400003,33447.2724712,42082.4396094,42205.2012925,47210.1321171,39876.0403052,50966.59902070001,36850.156941500005,47210.1321171,49758.574354699995,42205.2012925,49758.574354699995,31785.273329800002,68.127527235,0.0,0.61949,217.98,0.23059,3.313035516,0.5705453699999999,3.3667621689999994,3.3667621689999994,0.31157,0.09308999999999999,0.08088999999999999,0.0,5660.69127335,0.0,0.0,1.363926508,0.17802,0.0,56.449282213000004,0.07687,0.06875999999999999,5884.634892393,0.0,0.23061999999999996,0.0,495.64,0.35157,0.08897,188.15511914799998,0.0,36.882561176,27.1026327,0.00405,0.0,0.0,0.0,0.0,1653.02419231,0.11327999999999999,2.8850514549999997,0.0,0.0,0.0,11.666772241000002,0.18209999999999998,692.71014041,15010.83455099,1161.74,4692.082334162002,0.0029154132,8.75679e-5,0.0006721940000000001,0.0004070937,0.022038504
"RI","Rhode Island",992011,85.38,85.38,2706.2285895699997,98.97405502000001,2211.0758060000003,2498.5146193,1948.793916,2136.3693263,2929.8614054,2884.99771,1068.5302745,1068.5302745,1068.5302745,1068.5302745,1068.5302745,1068.5302745,1717.3121856,2915.6420558,2287.4191406,2208.3398556,2753.8327508999996,868.2036580999999,355.65803554,1855.5473265,3230.2011242,3230.2011242,436.93764540999996,2884.99771,2162.8331959,2136.3693263,3130.6772438000003,3273.6970776,3230.2011242,2506.9689129000003,3401.9063575,3230.2011242,2884.99771,3627.6490178,1150.2826758,2136.3693263,2287.4191406,2877.5810060999997,2884.99771,3230.2011242,2730.113205,3483.5994881,2510.2077921,3230.2011242,3401.9063575,2884.99771,3401.9063575,2168.194248,0.125452549,0.0,0.0,0.0,0.00809,0.27919881,0.0,0.0243,0.0243,0.0,0.0,0.0,0.0,0.0,0.0,0.0,0.040499999999999994,0.0485,0.0,0.497801063,0.0,0.0,36.789971711999996,0.0,0.060715421,0.0,0.0,0.00405,0.0,2.229817888,0.0,2.181293333,0.817464996,0.00405,0.0,0.0,0.0,0.0,0.0,0.0,0.319686237,0.0,0.0,0.0,0.50579193,0.0,0.0,43.961001295,26.14,226.45915051,1.8929000000000001e-6,1.27546e-5,6.37e-5,2.494e-6,0.0023940000000000003
"SC","South Carolina",3935123,425.5,425.5,79946.193041,8705.682122240001,2086.5649915659997,29772.712252100002,25194.528978399998,27209.7087788,34403.5511191,34103.018439499996,16234.713647800001,16234.713647800001,16234.713647800001,16234.713647800001,16234.713647800001,16234.713647800001,22427.2474141,33822.602993600005,25943.362517100002,27413.0939336,33115.8281331,15963.4261156,7881.0008052,23442.279118500002,39201.1434343,39201.1434343,9503.1402601,34103.018439499996,25474.185403299998,27209.7087788,38323.4773229,39939.9533658,39201.1434343,29349.1067844,40002.1894275,39201.1434343,34103.018439499996,43517.6565249,17228.3539921,27209.7087788,25943.362517100002,32791.1626055,34103.018439499996,39201.1434343,31526.515839300002,41931.156852600005,29742.4295796,39201.1434343,40002.1894275,34103.018439499996,40002.1894275,27558.6750809,0.5547,0.0,0.0,0.0,0.0,0.2022,0.0081,0.17389,0.17389,0.00405,0.0,0.00809,0.0,1255.54385259,633.782230781,0.788692524,4.657317907,0.020229999999999998,0.0,1.3883013599999998,2.051775092,0.43315,1362.502083987,0.0,0.0,0.0,89.21000000000001,0.0243,0.00405,89.357445871,75.49,0.52998,0.25893999999999995,0.0,0.0,0.0,0.0,0.0,1820.7817863300002,0.0,2.43211623,0.0,0.0,0.5422787609999999,4.050067787,0.0364,802.3470714800001,6147.237628282,534.8,2810.2762590560005,0.001585426,0.0001253289,0.00047038219999999994,9.25236e-5,0.02445456
"SD","South Dakota",734993,73.32,73.32,199934.275148,77272.00341199999,314.417892165,37774.369253000004,28199.33199,31103.6934741,44747.67358460001,43934.978576099995,13541.6898493,13541.6898493,13541.6898493,13541.6898493,13541.6898493,13541.6898493,24775.2741986,44716.2595849,35602.0069494,32571.5466352,41403.406327900004,9965.969856,3115.4768794699994,27114.2449222,48707.4462078,48707.4462078,3881.8773564700004,43934.978576099995,32725.012390800006,31103.6934741,47029.759718999994,49306.7738633,48707.4462078,38136.456886800006,51970.5226912,48707.4462078,43934.978576099995,54911.807398000004,14787.030892699999,31103.6934741,35602.0069494,44676.62204429999,43934.978576099995,48707.4462078,42106.3753402,52667.4744123,37919.9134138,48707.4462078,51970.5226912,43934.978576099995,51970.5226912,31600.4375353,0.024281139,0.0,0.00405,147.10999999999999,0.0,0.0,0.0,0.0,0.0,0.0,0.0,0.0,0.0,18427.144681550002,0.0,0.0,0.0081,0.0,21.173152791,0.4568,0.0,0.0081,13176.14767712,0.0,0.0,507.09539054699997,1254.23,0.020199999999999996,0.0,1.201162745,0.0,0.06477999999999999,0.38475,0.0,0.0,21.25,19.885846756,584.5391549999999,16650.07511295,0.00405,0.246754257,0.0,0.0,1615.0842097430002,0.08496999999999999,0.0,12930.316554739999,65357.19657176999,3136.18,5492.55158339,1.6698000000000002e-5,0.000178039,0.0009926537,0.00011327159999999998,0.0038666559999999996
"TN","Tennessee",5539577,479.21999999999997,479.21999999999997,109017.29599250002,24472.770727099996,4345.982677483001,58288.7216356,48050.13288560001,52113.5765717,67903.29540379999,67154.66757319999,29596.8244013,29596.8244013,29596.8244013,29596.8244013,29596.8244013,29596.8244013,42662.37927700001,66993.1758656,52021.619404699995,52898.5634563,65864.7998079,26740.461526500003,12106.111663,45002.954253799995,76604.4796028,76604.4796028,14717.6856324,67154.66757319999,50009.7307319,52113.5765717,74683.05733730001,77982.26986829999,76604.4796028,57823.60610869999,79443.24797679999,76604.4796028,67154.66757319999,85278.6639917,31616.735306199997,52113.5765717,52021.619404699995,65808.9149012,67154.66757319999,76604.4796028,62682.159454700006,82108.7155382,58276.3747665,76604.4796028,79443.24797679999,67154.66757319999,79443.24797679999,52815.321846700004,2.4858192040000002,0.0,0.0,0.0,0.00809,0.348010544,0.03238,0.17387999999999998,0.17387999999999998,0.0081,0.0,0.0,0.0,2731.5380785800003,2028.7295919160001,0.550357672,0.4854299999999999,0.0081,0.0,1.4725662109999997,0.00405,0.07284,7186.3537611,0.0,0.02024,0.0,0.0,0.00405,0.00405,11.075116947,0.0,1.076097103,5.705759188999999,0.0,0.0,0.0,0.0,0.0,4772.70921585,0.00405,0.58656396,0.0,0.0,0.0,8.149330272,0.0,1706.2660190899999,18458.161333185,2110.74,6177.475489768999,0.0029687606999999998,0.0002767511,0.0035475037999999994,0.00020328010000000003,0.0113984
"TX","Texas",20398490,3127.8999999999996,3127.8999999999996,684885.7652054003,136164.05496850002,8070.593369459,172925.45594270003,144993.1218892,156189.73747790002,202005.66449439997,200010.5893921,101069.10984499998,101069.10984499998,101069.10984499998,101069.10984499998,101069.10984499998,101069.10984499998,129767.0978893,198686.563739,154330.6628174,157962.63202770002,201838.61271580006,100079.2531567,49609.5220161,134487.88554279998,229959.01541940004,229959.01541940004,59653.62436360001,200010.5893921,147671.4160124,156189.73747790002,224812.592144,234803.12149390002,229959.01541940004,171297.1460576,236801.6849237,229959.01541940004,200010.5893921,254715.3256881,107282.1150246,156189.73747790002,154330.6628174,195372.6890187,200010.5893921,229959.01541940004,186529.18873050006,245576.5768127,172075.2182587,229959.01541940004,236801.6849237,200010.5893921,236801.6849237,158252.54967490002,0.558307945,0.0,0.0,0.0,0.38,0.16998,0.995187002,26.37740958,26.37740958,0.125,0.0,0.0,111.510924809,7585.12048205,18844.773714293,11.307777786,23.531416818,0.03235,0.0,5.125974122999999,0.0,0.28374,20822.878030649,0.0,0.00405,2.322895585,2073.90148768,41.553007188,0.048589999999999994,860.4051967230001,905.43766866,36.797970945,4.62957919,0.0,781.82876031,0.0,0.0,8988.10501589,643.77762555,7.960166577000001,2.201548286,0.0,153.07639096,112.14243825599999,5.356263801,0.0,23975.372518999993,86054.40666961201,5642.65,13700.075820753998,0.007431221700000001,0.0006709515999999999,0.0006619833,0.0022770329,0.06740789999999999
"UT","Utah",2164175,473.78,473.78,219817.23444,7437.74018184,830.7442137989999,17364.996418799998,12976.8533492,14212.8510333,20697.6932689,20300.399060199998,6789.655165599999,6789.655165599999,6789.655165599999,6789.655165599999,6789.655165599999,6789.655165599999,11552.256411800001,20717.278812599998,16587.7167741,14996.2951585,19723.4616893,5184.2456162,1721.41426527,12398.4249125,22575.1459412,22575.1459412,2138.90761429,20300.399060199998,15076.7371125,14212.8510333,21831.264406300004,22892.408874,22575.1459412,17643.134803700003,24126.3073066,22575.1459412,20300.399060199998,25311.860744700003,7379.3512846,14212.8510333,16587.7167741,20803.199211400006,20300.399060199998,22575.1459412,19588.6424866,24358.1874379,17414.6369348,22575.1459412,24126.3073066,20300.399060199998,24126.3073066,14449.2301186,0.6559988109999999,0.0,0.00405,161.81000000000003,0.020199999999999996,0.09709,0.00405,0.0,0.0,0.0,0.0,0.0,0.0,206.14999999999998,0.0,0.0,0.0485,0.0121,0.0,0.24658,0.0,0.06885,2754.7315867250004,0.0,0.0,0.0,134.5,7.094145591,0.0,32.603858495000004,0.0,0.25083,2.338704972,0.0,0.0,0.0,35.312869119,0.0,0.0,0.0,1.027712498,0.0,0.0,0.0,0.64712,0.06885,626.7973004400001,3964.510985578,124.94,1612.9103262899998,0.0006165367000000001,5.58781e-5,0.0004190809,6.80724e-5,0.0033705999999999996
"VT","Vermont",596714,39.75,39.75,24872.360559599998,2091.91905874,334.621818051,6958.3840607,5152.592012,5722.9171817,8189.0721779,8030.186699700001,2380.989847,2380.989847,2380.989847,2380.989847,2380.989847,2380.989847,4480.451290200001,8214.0757978,6500.288303599999,6016.850172500001,7420.9003772,1709.4027977,536.0218619,5015.260112200001,8855.1953758,8855.1953758,669.0468812500001,8030.186699700001,6068.567511,5722.9171817,8527.21866,8928.782095499999,8855.1953758,7026.870205399999,9452.598544500002,8855.1953758,8030.186699700001,10003.6501849,2598.8542293,5722.9171817,6500.288303599999,8149.492256199999,8030.186699700001,8855.1953758,7674.3607417,9616.2893678,7039.7430364,8855.1953758,9452.598544500002,8030.186699700001,9452.598544500002,5813.7670258,3.0848238329999997,0.0,0.05259,0.0,0.09303,0.17398999999999998,0.11721999999999999,0.11329,0.11329,0.01214,0.0,0.00405,0.0,0.0,0.0,0.0,0.14959,0.01619,0.0,0.5184085390000001,0.0,0.11331,776.1101710899999,0.0,0.27949999999999997,0.0,0.0,0.07672999999999999,0.02429,14.017802101000001,0.0,0.655604206,1.6220238329999999,0.0,0.0,0.0,0.0,0.0,0.0,0.0566,0.7405762369999999,0.0,0.0,0.0,0.3763299999999999,0.0,0.0,798.5216619900001,117.26000000000002,577.7135391200001,3.0091900000000002e-5,4.0013e-5,0.000130539,1.9911000000000003e-5,3.6049e-5
"VA","Virginia",6937997,567.72,568.1590476189999,103126.160316772,13249.9740599,42272.348565017,80052.7190885,65542.6146082,71210.8873926,92979.70926699998,91932.97699079999,38351.4165764,38351.4165764,38351.4165764,38351.4165764,38351.4165764,38351.4165764,58113.84850380001,91846.1877902,71215.5331926,72442.8111035,88151.0163186,34369.29210869999,15511.235586290002,61549.0137567,104546.00222709999,104546.00222709999,18865.70298729,91932.97699079999,68754.20804700001,71210.8873926,101850.63593630002,106281.44185670001,104546.00222709999,79419.64987509999,108147.33834400002,104546.00222709999,91932.97699079999,116651.73590329998,41012.1244418,71210.8873926,71215.5331926,89815.33197510002,91932.97699079999,104546.00222709999,85840.797732,112203.0303785,80135.63059379999,104546.00222709999,108147.33834400002,91932.97699079999,108147.33834400002,72184.6858733,9.128732119000002,0.0,0.16182000000000002,187.26193928,0.04859999999999999,0.472976262,0.060689999999999994,1.7684817010000005,1.7684817010000005,0.0,0.0,0.0,0.0,1808.9709576899998,233.746426821,0.03239,1.059939354,0.09714999999999999,0.0,10.027376179000001,0.283274257,0.08095,5080.936603654,0.0,0.0364,0.0,0.0,0.01215,0.01215,71.15085127,90.15,19.990899183,5.179688918,0.01214,0.0,0.0,0.0,0.0,1853.370297325,0.0,0.667563688,0.0,0.0,0.105218267,3.3172088299999998,0.044539999999999996,781.19089691,10162.320155184,1272.3899999999999,7423.978429410997,0.0021860194999999997,0.00031433389999999996,0.0008163757000000001,0.0002659709,0.059713668000000004
"WA","Washington",5835089,648.06,648.06,174280.45714999997,30793.407579319995,1758.49505807,19089.023033000005,14431.934266100001,15775.384414500002,22713.399145199997,22313.9768184,6749.0529778,6749.0529778,6749.0529778,6749.0529778,6749.0529778,6749.0529778,12816.1381939,22651.980054899996,17997.7469189,16489.111178900002,20773.933599300002,5370.513585559999,1803.48988116,13719.537995,24879.056222900002,24879.056222900002,2201.0223483,22313.9768184,16458.1460844,15775.384414500002,24096.8291212,25264.314098800005,24879.056222900002,19271.1940975,26279.6248529,24879.056222900002,22313.9768184,27937.270810399998,7365.3035025,15775.384414500002,17997.7469189,22553.4697706,22313.9768184,24879.056222900002,21396.41314,26795.3244147,19042.0761503,24879.056222900002,26279.6248529,22313.9768184,26279.6248529,16021.802014599998,301.60816208299997,0.00405,28.020439574,883.83405566,0.15773,1.392085762,0.1334,0.6184499999999999,0.6184499999999999,0.01619,0.00809,0.00405,0.0,457.1433966,0.0,0.0,7.7784643330000005,0.06474999999999999,0.0,232.27798586899996,0.0,155.496320233,3195.090268072,271.4428944,0.946399602,0.0,36.84,92.337046706,0.08499999999999999,1209.3344632019998,0.0,621.0422102140001,5.880662137000001,0.0,0.0,0.0,0.0,0.0,0.0,0.032350000000000004,2.3386534350000003,11.7,0.0,0.0,1.29492,0.46895,9545.54055504,17063.910029869003,701.37,1970.1091733800001,0.0018417127000000001,0.0001164389,0.00014375899999999998,0.00010051139999999997,0.0017243100000000002
"WV","West Virginia",1804812,182.96,182.96,62751.660053600004,3812.6763054600005,2003.1970366910002,31780.647245,25628.985836599997,27987.404486900003,36938.8510624,36481.9041266,14170.795760200002,14170.795760200002,14170.795760200002,14170.795760200002,14170.795760200002,14170.795760200002,22586.285655800002,36569.992271099996,28429.863796799997,28566.1425217,34765.1975665,11923.967685,4977.81007955,24236.9486416,41256.0639042,41256.0639042,6101.2315659000005,36481.9041266,27370.243597600005,27987.404486900003,40101.9305723,41869.6807224,41256.0639042,31585.540158599997,43009.2897787,41256.0639042,36481.9041266,46175.3455287,15226.214412000001,27987.404486900003,28429.863796799997,35879.1357789,36481.9041266,41256.0639042,34131.3898326,44386.0847375,31890.743626000003,41256.0639042,43009.2897787,36481.9041266,43009.2897787,28375.407318800004,3.3768575199999997,0.0,0.02429,0.0,0.0,0.08892,0.00405,0.04042,0.04042,0.00405,0.0,0.0,0.0,126.02319039000001,0.0,0.0,0.13349999999999998,0.020199999999999996,0.0,0.43296683099999994,0.0,0.00405,2373.222291497,0.0,0.0,0.0,0.0,0.0,0.01214,27.142444083,0.0,0.926806534,0.6674108160000001,0.0,0.0,0.0,0.0,0.0,59.12639342,0.00405,0.11324999999999999,0.0,0.0,0.0,0.7605,0.0,25.698967739999997,2617.8628557800002,388.81999999999994,3527.910764119999,0.0036564980000000006,7.49646e-5,0.00014460620000000002,0.0001529525,0.0098299437
"WI","Wisconsin",5277833,316.15,316.15,145267.7159614,40939.16483450001,4082.237583922,37563.240999,28213.4852429,31271.9529932,44098.30681639999,43297.323602000004,12690.7311347,12690.7311347,12690.7311347,12690.7311347,12690.7311347,12690.7311347,24563.560565300006,44139.8923628,34775.3811862,32673.8027471,39735.72507490001,9054.439629800003,2745.0737519699996,27320.6842751,47867.533587300015,47867.533587300015,3442.4177075499997,43297.323602000004,32710.194862099997,31271.9529932,46160.1488073,48297.3577017,47867.533587300015,37844.4795134,50872.85122260001,47867.533587300015,43297.323602000004,54086.8570252,13855.6339161,31271.9529932,34775.3811862,43631.8712893,43297.323602000004,47867.533587300015,41223.76826569999,51919.4642565,37950.818346299995,47867.533587300015,50872.85122260001,43297.323602000004,50872.85122260001,31758.3937275,8.060313814,0.0,0.8411799999999999,110.93,6.523480000000002,1.3027550479999999,0.16996999999999995,19.716234852,19.716234852,0.08893999999999999,0.0,0.06472,0.0,15164.20160696,0.0,0.0,5.361781417000001,0.08493999999999999,0.0,1.326539899,7.871135737,137.58094229,7875.726877907,0.0,0.12936999999999999,0.0,1291.97250854,0.45293455399999993,0.048569999999999995,38.906528555,0.0,206.70101411399997,11.620798681,0.01619,0.0,0.0,0.0,0.0,6498.42510828,0.032389999999999995,3.8645784130000003,0.0,0.0,9.866149121,1.6418899999999996,0.0,715.80016824,32139.008660807,2229.49,5352.385760149999,0.0017822908999999998,0.0002026687,0.0030940090000000004,0.00023841890000000002,0.012392400000000001
"WY","Wyoming",479673,77.36999999999999,77.36999999999999,253309.12125000003,10424.780155939998,48.304085915,12464.2197667,8946.148292900001,9847.1796994,15000.3472561,14671.181676,4479.625947199999,4479.625947199999,4479.625947199999,4479.625947199999,4479.625947199999,4479.625947199999,7955.2070285,15076.746280200001,12219.6294128,10540.693011099998,14183.3086226,3289.3753376100003,998.7698915799999,8624.8918927,16181.868169899997,16181.868169899997,1231.9533656400001,14671.181676,10844.2411609,9847.1796994,15597.210446500001,16395.8909379,16181.868169899997,12750.600962,17492.87723,16181.868169899997,14671.181676,18182.7627145,4910.520865999999,9847.1796994,12219.6294128,15298.250871799999,14671.181676,16181.868169899997,14313.9214452,17498.2051617,12500.5078147,16181.868169899997,17492.87723,14671.181676,17492.87723,10021.959809,0.145686831,0.0,0.0,271.89,0.0,0.0,0.0,0.0,0.0,0.0,0.0,0.0,0.0,321.36796960000004,0.0,0.0,0.0,0.0,0.0,0.0,0.0,0.0,4802.17384273,0.0,0.0,15.59658464,103.14,0.00405,0.0,0.2593,0.0,0.016149999999999998,0.0,0.0,0.0,0.0,0.0,0.0,0.0,0.0,0.00405,144.53,0.0,17.543122578000002,0.00405,0.0,382.87588610000006,6059.3136023199995,124.23,1421.1990214300001,2.28714e-5,7.2185e-5,5.1686999999999995e-5,0.0003553538,0.00030365
