"resid","storage","storagemax"
"reservoir.1",0,6907.488
"reservoir.10",0,9991.188
"reservoir.100",1490.64710545571,131982.36
"reservoir.1000",9.47390314346802e-15,23312.772
"reservoir.1001",15548.0154,15548.0154
"reservoir.1002",0,14351.5398
"reservoir.1003",6673.1268,6673.1268
"reservoir.1004",0,28579.7316
"reservoir.1005",12370.50386974,114713.64
"reservoir.1006",0,48969.156
"reservoir.1007",0,18502.2
"reservoir.1009",41054.9251233151,543964.68
"reservoir.101",0,923259.78
"reservoir.1010",17268.72,17268.72
"reservoir.1011",271.286668797633,8128.6332
"reservoir.1012",9.63105358947062e-14,81409.68
"reservoir.1013",0,435332.0964
"reservoir.1014",72.13792132141,118414.08
"reservoir.1015",487.581753031312,7400.88
"reservoir.1016",0,8924.2278
"reservoir.1017",0,32625.546
"reservoir.1018",0,14801.76
"reservoir.1019",7400.88,7400.88
"reservoir.102",0,8239.6464
"reservoir.1020",1331903.03261626,6907488
"reservoir.1021",0,9269.6022
"reservoir.1022",2.52923314628505,33118.938
"reservoir.1023",0,8634.36
"reservoir.1024",0,143774.4288
"reservoir.1025",0,44851.79976
"reservoir.1026",122.096999802414,10413.03816
"reservoir.1027",0,33155.9424
"reservoir.1028",2511.98276458053,227577.06
"reservoir.1029",0,131982.36
"reservoir.103",8188.51091155253,251136.528
"reservoir.1030",0,12334.8
"reservoir.1031",0,8881.056
"reservoir.1032",0,17515.416
"reservoir.1033",0,1455506.4
"reservoir.1034",31.7715325283647,67101.312
"reservoir.1035",0,7965.81384
"reservoir.1036",0,130748.88
"reservoir.1037",0.0081554485525318,9251.1
"reservoir.1038",0,11489.8662
"reservoir.1039",0,1253215.68
"reservoir.104",0,16035.24
"reservoir.1040",184.620206384708,10165.10868
"reservoir.1041",1.99638439434717e-14,23929.512
"reservoir.1042",1.1152264297228e-14,9573.03828
"reservoir.1043",0,34401.7572
"reservoir.1044",3808.5075479582,12334.8
"reservoir.1045",0,17604.22656
"reservoir.1046",149.289835697557,7647.576
"reservoir.1047",0,9001.93704
"reservoir.1048",6.93060569639104e-14,134819.364
"reservoir.1049",0,261497.76
"reservoir.105",0,18502.2
"reservoir.1050",0,13568.28
"reservoir.1051",1937.06937293392,29603.52
"reservoir.1052",0,8523.3468
"reservoir.1053",621673.92,621673.92
"reservoir.1054",4.19736478872013e-14,14185.02
"reservoir.1055",4.80447390773459e-14,12366.87048
"reservoir.1056",0,18502.2
"reservoir.1057",2.96024451076023e-13,7894.272
"reservoir.1058",81409.68,81409.68
"reservoir.106",0,683717.964
"reservoir.1060",0,31151.5374
"reservoir.1061",0,25903.08
"reservoir.1062",1.53426855160398e-13,12889.866
"reservoir.1063",0,13020.61488
"reservoir.1064",827.53492674278,12322.4652
"reservoir.1065",0,75242.28
"reservoir.1066",4750.33894265785,39137.08692
"reservoir.1067",5845.09555761136,499756.7568
"reservoir.1068",2910.32377418265,68088.096
"reservoir.1069",1525.86068857755,1386431.52
"reservoir.107",0,30590.304
"reservoir.1070",0,17113.30152
"reservoir.1071",0,11517.00276
"reservoir.1072",0,65991.18
"reservoir.1073",2287.54606515106,8511.012
"reservoir.1074",8.4620404250975e-14,15494.97576
"reservoir.1075",34895.1492,34895.1492
"reservoir.1076",5.4268949898269e-15,136916.28
"reservoir.1077",0,27666.9564
"reservoir.1078",0,106202.628
"reservoir.1079",6.09111190563114e-14,39471.36
"reservoir.108",0,14477.35476
"reservoir.1080",0,183788.52
"reservoir.1081",0,7400.88
"reservoir.1082",0,11409.69
"reservoir.1083",0,43788.54
"reservoir.1084",0,73083.69
"reservoir.1085",0,32440.524
"reservoir.1086",0,156651.96
"reservoir.1087",0,2158590
"reservoir.1089",0,209691.6
"reservoir.109",0,12519.822
"reservoir.1090",0,79189.416
"reservoir.1091",1484.95500514228,34537.44
"reservoir.1092",0,144317.16
"reservoir.1093",1.4097394097506e-13,7154.184
"reservoir.1094",0,1254819.204
"reservoir.1095",0,89205.2736
"reservoir.1096",1763.13961475095,90044.04
"reservoir.1097",12842.5987082848,23053.7412
"reservoir.1098",0,9275.7696
"reservoir.1099",19283.9553820933,55753.296
"reservoir.11",0,17305.7244
"reservoir.110",0,2417620.8
"reservoir.1100",0,29603.52
"reservoir.1101",0,10268.721
"reservoir.1102",0,58545.89472
"reservoir.1103",4.46214979231215e-12,456387.6
"reservoir.1104",0,34129.15812
"reservoir.1105",0,27383.256
"reservoir.1106",0,18045.8124
"reservoir.1107",2781.13121031199,13067.48712
"reservoir.1108",0,139284.5616
"reservoir.1109",0,240399.0846
"reservoir.111",0,129762.096
"reservoir.1110",0,21145.54764
"reservoir.1111",0,114985.0056
"reservoir.1112",0,11959.82208
"reservoir.1113",9951.02104819184,12889.866
"reservoir.1114",4.27910347052176e-14,17885.46
"reservoir.1115",2672.90053523838,8894.62428
"reservoir.1116",68103.3598046807,239295.12
"reservoir.1117",0,18255.504
"reservoir.1118",0,548898.6
"reservoir.1119",173.791638610957,14292.33276
"reservoir.112",9029.0736,9029.0736
"reservoir.1120",0,8884.75644
"reservoir.1121",0,234361.2
"reservoir.1122",0,156651.96
"reservoir.1123",3566.46162456967,275164.7184
"reservoir.1124",0,14289.8658
"reservoir.1125",0,41531.2716
"reservoir.1126",0,72158.58
"reservoir.1127",0,113480.16
"reservoir.1128",43788.54,43788.54
"reservoir.1129",0,238061.64
"reservoir.113",0,56493.384
"reservoir.1130",0,229427.28
"reservoir.1131",135.56372553947,10998.94116
"reservoir.1132",0,81903.072
"reservoir.1133",0,11644.0512
"reservoir.1134",0,10546.254
"reservoir.1135",0,27345.01812
"reservoir.1136",112.494334056718,14296.0332
"reservoir.1137",1070.30389449311,11471.364
"reservoir.1138",0,9621.144
"reservoir.1139",891.205446670697,162819.36
"reservoir.1140",0,47118.936
"reservoir.1141",9.473903143468e-15,56933.73636
"reservoir.1142",0,50942.724
"reservoir.1143",4932.70008206311,162227.2896
"reservoir.1144",0,155876.1011
"reservoir.1145",0,10768.2804
"reservoir.1146",185.964690950298,143268.702
"reservoir.1147",0,106667.65
"reservoir.1148",0,142158.57
"reservoir.1149",0,432951.48
"reservoir.115",3795.6882956378,6479.47044
"reservoir.1150",7.48438348333972e-14,17638.764
"reservoir.1151",39524.905200352,217092.48
"reservoir.1152",232.851913289075,16528.632
"reservoir.1153",2727.03201623261,178702.882
"reservoir.1154",13314.3546471105,13568.28
"reservoir.1155",23164.7544,23164.7544
"reservoir.1156",7667.31168,7667.31168
"reservoir.1157",0,87577.08
"reservoir.1158",0,67348.008
"reservoir.1159",118.658445488851,257797.32
"reservoir.116",2140.3423941652,7647.576
"reservoir.1160",0,27136.56
"reservoir.1161",0,9221.49648
"reservoir.1162",0,191806.14
"reservoir.1163",2278.46724319284,82396.464
"reservoir.1164",0,19202.81664
"reservoir.1165",0,4791054.646
"reservoir.1166",1404.88107469081,32995.59
"reservoir.1167",0,97013.202
"reservoir.1169",0,8325.99
"reservoir.117",20.2708579624593,6907.488
"reservoir.1170",6.49679661376809e-13,110447.0327
"reservoir.1171",47432.4716350051,70555.056
"reservoir.1172",12073.4191323194,12141.14364
"reservoir.1173",618.69301,7424.31612
"reservoir.1174",0,236828.16
"reservoir.1175",0,14678.412
"reservoir.1176",22976.4474934747,152951.52
"reservoir.1177",7534.51552766474,22511.01
"reservoir.1178",0,21131.97936
"reservoir.1179",0,91524.216
"reservoir.118",0,129762.096
"reservoir.1180",0,16651.98
"reservoir.1181",138.741739691014,11224.668
"reservoir.1182",0,57486.3354
"reservoir.1183",0,30977.61672
"reservoir.1184",1199.22256002458,30220.26
"reservoir.1185",0,18748.896
"reservoir.1186",0,132044.034
"reservoir.1187",0,120881.04
"reservoir.1188",0,11751.36396
"reservoir.1189",0,6802.6422
"reservoir.119",0,40088.1
"reservoir.1190",0,13198.236
"reservoir.1191",2.76322175017817e-15,164052.84
"reservoir.1192",0,14161.58388
"reservoir.1193",0,37991.184
"reservoir.1194",0,1541356.608
"reservoir.1195",1.11115080379277e-13,96211.44
"reservoir.1196",1.25339844222786e-14,17493.21336
"reservoir.1197",200.062862734298,567400.8
"reservoir.1198",9225.69067569271,91203.5112
"reservoir.1199",4999.513621414,83876.64
"reservoir.12",0,48229.068
"reservoir.120",10763.9676180882,19982.376
"reservoir.1200",16500.2585129393,25903.08
"reservoir.1201",0,10361.232
"reservoir.1202",1.83167647160924e-14,88193.82
"reservoir.1203",12405.1029043391,71973.558
"reservoir.1205",0,88810.56
"reservoir.1206",0,32070.48
"reservoir.1207",16563.4728402029,47760.3456
"reservoir.1208",2282.39742609102,10305.7254
"reservoir.1209",0,8387.664
"reservoir.121",8702.02308018703,91002.45396
"reservoir.1210",0,53224.662
"reservoir.1211",0,17577.09
"reservoir.1212",49339.2,49339.2
"reservoir.1213",0,43788.54
"reservoir.1214",0,11101.32
"reservoir.1215",0,721585.8
"reservoir.1216",0,29443.1676
"reservoir.1217",7040.99128933744,19612.332
"reservoir.1219",0,345374.4
"reservoir.122",0,308616.696
"reservoir.1220",0,162819.36
"reservoir.1221",0,17268.72
"reservoir.1222",0,72128.97648
"reservoir.1223",0,16898.676
"reservoir.1224",0,21585.9
"reservoir.1225",0,18502.2
"reservoir.1226",3.58738233931651e-13,69444.924
"reservoir.1227",0,9408.98544
"reservoir.1228",92.3524687358178,809779.62
"reservoir.1229",3.93107692451585e-13,92485.09692
"reservoir.123",10762.1475874416,17885.46
"reservoir.1230",0,9306.6066
"reservoir.1231",0,12088.104
"reservoir.1232",0,826431.6
"reservoir.1233",9750.43520127741,93411.4404
"reservoir.1234",0,46625.544
"reservoir.1235",0,11874.71196
"reservoir.1236",1654.37799566772,28370.04
"reservoir.1237",0,1074361.08
"reservoir.1238",0,77709.24
"reservoir.1239",0,50819.376
"reservoir.124",0,12951.54
"reservoir.1241",0,101145.36
"reservoir.1242",3436.60256240228,29603.52
"reservoir.1243",0,15467.8392
"reservoir.1244",0,18502.2
"reservoir.1245",0,11101.32
"reservoir.1246",13950.3756878806,553832.52
"reservoir.1247",0,42678.408
"reservoir.1249",0,16746.95796
"reservoir.125",0,14555.064
"reservoir.1250",0,37004.4
"reservoir.1251",0,14801.76
"reservoir.1252",0,37004.4
"reservoir.1253",0,37004.4
"reservoir.1254",0,98678.4
"reservoir.1255",17511.3985355985,160576.8934
"reservoir.1256",0,188722.44
"reservoir.1257",0,24025.72344
"reservoir.1258",3109.64474207618,4937250.396
"reservoir.1259",0,70925.1
"reservoir.126",813.296941014727,54026.424
"reservoir.1260",15782.7294627447,17145.372
"reservoir.1262",0,17996.4732
"reservoir.1263",0,526079.22
"reservoir.1264",0,91277.52
"reservoir.1265",0,14185.02
"reservoir.1266",0,20722.464
"reservoir.1267",0,435418.44
"reservoir.1268",0,23436.12
"reservoir.1269",0,8264.316
"reservoir.127",471.082615688371,57603.516
"reservoir.1270",0,17268.72
"reservoir.1271",0,20969.16
"reservoir.1272",0,10821.32004
"reservoir.1273",0,8580.08688
"reservoir.1274",0,44405.28
"reservoir.1275",0,108546.24
"reservoir.1276",0,19735.68
"reservoir.1277",6689.40502121637,7129.5144
"reservoir.1278",0,208704.816
"reservoir.1279",0,15048.456
"reservoir.128",2511.38263989705,16432.42056
"reservoir.1280",0,17885.46
"reservoir.1281",0,52669.596
"reservoir.1285",0,24669.6
"reservoir.1286",0,8297.61996
"reservoir.1287",1.27860544250907,108546.24
"reservoir.1288",0,50819.376
"reservoir.1289",0,15665.196
"reservoir.129",0,18810.57
"reservoir.1290",0,88440.516
"reservoir.1291",0,91277.52
"reservoir.1293",0,176765.0849
"reservoir.1294",0,289127.712
"reservoir.1295",0,13568.28
"reservoir.1296",0,16898.676
"reservoir.1297",0,2257268.4
"reservoir.1298",0,30596.4714
"reservoir.1299",0,250396.44
"reservoir.13",0,150484.56
"reservoir.130",1.46612542509331e-13,4933920
"reservoir.1301",0,62537.436
"reservoir.1302",0,34290.744
"reservoir.1303",0,61303.956
"reservoir.1304",2126.36623666667,11102.55348
"reservoir.1305",0,109162.98
"reservoir.1306",0,57470.30016
"reservoir.1307",0,108176.196
"reservoir.1308",34845.4109986888,198676.6236
"reservoir.1309",6851.49382507459,91968.2688
"reservoir.131",590.86655624166,150484.56
"reservoir.1310",64032.13600421,2402819.04
"reservoir.1311",94400.1012034343,114343.596
"reservoir.1312",0,46132.152
"reservoir.1313",0,65004.396
"reservoir.1314",0,28370.04
"reservoir.1315",0,9497.796
"reservoir.1316",0,157337.7749
"reservoir.1317",2211.49141554701,9238.7652
"reservoir.1318",886.286217044358,10125.63732
"reservoir.1319",0,20105.724
"reservoir.132",31312.6936274962,280493.352
"reservoir.1320",0,61674
"reservoir.1321",10460.4164733623,54612.327
"reservoir.1322",0,209533.7146
"reservoir.1323",0,18593.47752
"reservoir.1324",102.076529716462,40704.84
"reservoir.1325",0,430484.52
"reservoir.1326",921.757588651924,45515.412
"reservoir.1327",11677.8593722875,65497.788
"reservoir.1328",0,2346078.96
"reservoir.1329",0,11624.31552
"reservoir.133",0,197726.844
"reservoir.1330",0,1381497.6
"reservoir.1331",774.632495352937,9923.3466
"reservoir.1332",0,8387.664
"reservoir.1333",65.9722540512116,223876.62
"reservoir.1334",0,31145.37
"reservoir.1335",2.01716899300364,21228.1908
"reservoir.1336",0,709251
"reservoir.1337",0,456387.6
"reservoir.1338",0,25409.688
"reservoir.1339",0,11486.16576
"reservoir.134",0,11175.3288
"reservoir.1340",0,49770.918
"reservoir.1341",0,75982.368
"reservoir.1342",0,9497.796
"reservoir.1343",0,70481.0472
"reservoir.1344",999.428843553508,19893.56544
"reservoir.1345",0,8819.382
"reservoir.1346",0,11792.0688
"reservoir.1347",0,32124.75312
"reservoir.1348",2979.23060152124,9738.3246
"reservoir.1349",0,8196.4746
"reservoir.135",0,944845.68
"reservoir.1350",0,30960.348
"reservoir.1351",1.54231196081948e-13,12902.2008
"reservoir.1352",0,25533.036
"reservoir.1353",0,31823.784
"reservoir.1354",18.0271080356026,25903.08
"reservoir.1355",0,54889.86
"reservoir.1356",0,17268.72
"reservoir.1357",0,66607.92
"reservoir.1359",0,20229.072
"reservoir.136",0,279259.872
"reservoir.1360",0,21128.27892
"reservoir.1361",0,826045.5208
"reservoir.1362",3.60965953621628e-14,8852.68596
"reservoir.1363",892.593597824133,111136.548
"reservoir.1364",0,18008.808
"reservoir.1365",0,24052.86
"reservoir.1366",0,110149.764
"reservoir.1367",104.07880243415,22819.38
"reservoir.1368",0,8213.74332
"reservoir.1369",4.736951571734e-15,33550.656
"reservoir.137",0,10102.2012
"reservoir.1370",79.2731410523658,31219.3788
"reservoir.1371",0,82273.116
"reservoir.1372",775.457696609523,18255.504
"reservoir.1373",0,14530.3944
"reservoir.1374",0,252246.66
"reservoir.1375",0,86220.252
"reservoir.1376",0.193958557019607,1390378.656
"reservoir.1377",2.69255973125918e-13,9744.492
"reservoir.1378",5.64326064098052,14185.02
"reservoir.1379",3.93190072203864e-14,19982.376
"reservoir.138",0,866519.7
"reservoir.1380",0,31707.83688
"reservoir.1381",9.42144966024998e-14,14431.716
"reservoir.1382",0,38114.532
"reservoir.1383",397.472029114508,162819.36
"reservoir.1384",0,233127.72
"reservoir.1385",0,20261.14248
"reservoir.1386",0,10669.602
"reservoir.1387",8.86428936045049e-14,18488.63172
"reservoir.1388",0,50005.2792
"reservoir.1389",94207.2161357082,148017.6
"reservoir.139",0,521762.04
"reservoir.1390",1.27107705867978e-13,14061.672
"reservoir.1391",0,7154.184
"reservoir.1392",0,111013.2
"reservoir.1393",1385.8511676315,46872.24
"reservoir.1394",3.36224281360218e-14,15284.05068
"reservoir.1395",44370.315854208,150829.9344
"reservoir.1396",0,11076.6504
"reservoir.1397",1.65892398989083e-13,37004.4
"reservoir.1398",0.614241599266896,11817.97188
"reservoir.1399",6.52372012371917e-13,34784.136
"reservoir.14",0,21314.5344
"reservoir.140",0,862017.498
"reservoir.1400",0,241762.08
"reservoir.1401",0,11350.48296
"reservoir.1402",2.16257229989043e-14,13198.236
"reservoir.1403",396.961744560958,113356.812
"reservoir.1404",0,11156.8266
"reservoir.1405",0,87083.688
"reservoir.1406",1.30308618825189e-12,204264.288
"reservoir.1407",0,19550.658
"reservoir.1408",8.88178419700125e-16,15739.2048
"reservoir.1409",1.05960156178817e-15,11471.364
"reservoir.141",316.230475738849,53903.076
"reservoir.1410",0,10667.13504
"reservoir.1411",0,8202.642
"reservoir.1412",0,67872.237
"reservoir.1413",0,12369.33744
"reservoir.1414",0,394713.6
"reservoir.1415",1069.30619545879,47734.44252
"reservoir.1416",0,15591.1872
"reservoir.1417",4.52970674493645e-13,17515.416
"reservoir.1418",316.302342951474,33316.2948
"reservoir.1419",0,13654.6236
"reservoir.142",0,159118.92
"reservoir.1420",0,680880.96
"reservoir.1421",0,189215.832
"reservoir.1422",7.9394177207852,6784.14
"reservoir.1423",121.836427239012,166273.104
"reservoir.1424",19071.1077900801,47587.6584
"reservoir.1425",3.57066958846412e-15,26026.428
"reservoir.1426",150.039822691234,14741.31948
"reservoir.1427",0,29874.8856
"reservoir.1428",642.385820813048,218325.96
"reservoir.1429",238.440089038176,10906.43016
"reservoir.143",0,495858.96
"reservoir.1430",0,44489.15664
"reservoir.1431",1281.83966003457,19571.62716
"reservoir.1432",0,13013.214
"reservoir.1433",0,21963.34488
"reservoir.1434",565.345,6784.14
"reservoir.1435",0,137656.368
"reservoir.1436",134.599824088331,73985.36388
"reservoir.1437",7.52606741906758e-13,20525.1072
"reservoir.1438",0,50366.68884
"reservoir.1439",0,34044.048
"reservoir.144",0,78819.372
"reservoir.1440",160.61575167217,18581.14272
"reservoir.1441",0,277533
"reservoir.1442",75.3099253711546,128078.3958
"reservoir.1443",0,109162.98
"reservoir.1444",0,40273.122
"reservoir.1446",0,337973.52
"reservoir.1447",6.73161305788597e-29,796828.08
"reservoir.1448",0,14185.02
"reservoir.1449",0,89180.604
"reservoir.145",0,81039.636
"reservoir.1450",0,293136.522
"reservoir.1451",0,70435.40844
"reservoir.1452",1.93287172719247,64140.96
"reservoir.1453",3.70076418460161e-13,9929.514
"reservoir.1454",0,110761.5701
"reservoir.1455",0,31614.0924
"reservoir.1456",6.2252802993613e-14,7740.087
"reservoir.1457",7708.05917307647,137286.324
"reservoir.1458",4.11675247098189,56493.384
"reservoir.1459",208.09247615596,20243.87376
"reservoir.146",0,16837.002
"reservoir.1460",2.24262467078938e-13,13691.628
"reservoir.1461",0,43171.8
"reservoir.1462",7.79501876339629e-16,144070.464
"reservoir.1463",0,22804.57824
"reservoir.1464",1.46966463412393e-13,11515.76928
"reservoir.1465",0,89920.692
"reservoir.1466",1.59979943519308e-13,13749.60156
"reservoir.1467",2.56788570726792e-13,440352.36
"reservoir.1468",34745.9044951408,63384.83676
"reservoir.1469",0,34537.44
"reservoir.147",0,14925.108
"reservoir.1470",0,7647.576
"reservoir.1471",0,31675.7664
"reservoir.1472",42432.1710020487,75242.28
"reservoir.1473",0,156898.656
"reservoir.1474",542.502822843061,110766.504
"reservoir.1475",9.61646117448163e-15,45231.7116
"reservoir.1476",0,9374.448
"reservoir.1477",0,8962.46568
"reservoir.1478",0,70308.36
"reservoir.1479",8.07671019084032e-16,154801.74
"reservoir.148",0,10977.972
"reservoir.1480",12085.63704,12085.63704
"reservoir.1481",22696.032,22696.032
"reservoir.1482",466.661081828043,29011.4496
"reservoir.1483",1.48067376294048e-14,11426.95872
"reservoir.1484",0,17762.112
"reservoir.1485",0,161462.532
"reservoir.1486",0,160352.4
"reservoir.1487",0,33797.352
"reservoir.1488",0,12539.55768
"reservoir.1489",0,22390.12896
"reservoir.149",0,151718.04
"reservoir.1490",0,147894.252
"reservoir.1491",388.762134608748,14244.22704
"reservoir.1492",0,78572.676
"reservoir.1493",0,14678.412
"reservoir.1494",6.09582611041515e-14,64486.3344
"reservoir.1495",13814.976,13814.976
"reservoir.1496",0,99541.836
"reservoir.1497",0,57603.516
"reservoir.1498",0,48919.8168
"reservoir.1499",0,25730.3928
"reservoir.15",0,7049.3382
"reservoir.150",0,463788.48
"reservoir.1500",113.463047398319,666079.2
"reservoir.1501",0,43788.54
"reservoir.1502",540.36703,6484.40436
"reservoir.1503",4.82305424135724e-14,9251.1
"reservoir.1504",332.487983618967,6435.06516
"reservoir.1505",556.317420221478,21932.50788
"reservoir.1506",0,20044.05
"reservoir.1507",1903.35009085218,12041.23176
"reservoir.1508",0,22202.64
"reservoir.151",0,40951.536
"reservoir.1510",1359.33292659444,96155.9334
"reservoir.1511",0,7425.5496
"reservoir.1512",1.36541252160723e-13,22608.45492
"reservoir.1513",6487.6377271718,26371.8024
"reservoir.1514",0,360176.16
"reservoir.1515",1.99291176055835e-30,31515.414
"reservoir.1516",0,7885.63764
"reservoir.1517",0,60810.564
"reservoir.1518",0,8853.91944
"reservoir.152",2006.72306177753,16035.24
"reservoir.1520",134494.9588,134494.9588
"reservoir.1521",0,241762.08
"reservoir.1522",0,201673.98
"reservoir.1523",253.746577312758,8572.686
"reservoir.1525",1.09154455591844e-14,148017.6
"reservoir.1527",9682.818,9682.818
"reservoir.1528",4636.18115813128,28351.5378
"reservoir.153",0,147524.208
"reservoir.1530",1384.1245583276,21832.596
"reservoir.1531",52926.7787959427,446723.2842
"reservoir.1532",0,3540087.6
"reservoir.1533",0,53335.6752
"reservoir.1534",584.77231,7017.26772
"reservoir.1535",5893.27559733276,88280.1636
"reservoir.1536",79.8114642915691,19674.006
"reservoir.1538",115.46830236446,19686.3408
"reservoir.1539",8.50801622393877e-13,126308.352
"reservoir.154",84924.6001385504,23325106.8
"reservoir.1540",12193.7276905892,308370
"reservoir.1541",0,354872.196
"reservoir.1542",3918.21261167075,8239.6464
"reservoir.1543",16025.6999382819,70160.3424
"reservoir.1544",0,134826.7649
"reservoir.1545",0,33180.612
"reservoir.1546",0,6858.1488
"reservoir.1547",3.557644367366e-13,74008.8
"reservoir.1548",4.12161340329301e-14,11323.3464
"reservoir.1549",0,199823.76
"reservoir.155",1035.54923362012,12211.452
"reservoir.1550",4747.99712139334,26317.52928
"reservoir.1551",3.62668796878192e-19,82026.42
"reservoir.1552",4.6751464848847e-15,36628.1886
"reservoir.1553",0,364123.296
"reservoir.1554",20965.8171814941,55650.91716
"reservoir.1555",7.17460644759404e-13,54519.816
"reservoir.1556",0,38731.272
"reservoir.1557",6875.92613497226,15855.15192
"reservoir.1558",2.31077199243873e-13,10825.02048
"reservoir.1559",0,126481.0392
"reservoir.156",0,486445.0406
"reservoir.1560",91531.6292074328,4465197.6
"reservoir.1561",0,50490.03684
"reservoir.1562",0,458854.56
"reservoir.1563",0,7018.5012
"reservoir.1564",0,11286.342
"reservoir.1565",0,71541.84
"reservoir.1566",0,88637.8728
"reservoir.1567",0,162819.36
"reservoir.1568",0,19687.57428
"reservoir.1569",4332.74281339837,15851.45148
"reservoir.157",0,42885.63264
"reservoir.1570",38.6778451985876,58748.18544
"reservoir.1571",4.11366847019005e-16,135682.8
"reservoir.1572",14905.8803703421,22471.53864
"reservoir.1573",12498.0349179262,22523.3448
"reservoir.1575",8.82984393853926e-17,19612.332
"reservoir.1577",9788.89728,9788.89728
"reservoir.1578",2.05475662475655e-14,14431.716
"reservoir.1579",5511.40557147551,6884.05188
"reservoir.158",0,366157.3045
"reservoir.1580",0,45145.368
"reservoir.1581",1.32967061662709e-15,3120704.4
"reservoir.1582",1042.01309789564,34537.44
"reservoir.1583",357.606934993698,1022278.62
"reservoir.1584",0,69074.88
"reservoir.1585",7.54172552868176e-15,72775.32
"reservoir.1586",0,24052.86
"reservoir.1587",5.88379247857481e-16,12088.104
"reservoir.1588",0,67841.4
"reservoir.1589",0,24151.5384
"reservoir.159",0,11372.6856
"reservoir.1590",1.89478062869326e-15,298748.856
"reservoir.1591",1.96126415952494e-16,19543.25712
"reservoir.1592",0,283847.1841
"reservoir.1593",3894.24064680625,78973.557
"reservoir.1594",121911.965468788,376211.4
"reservoir.1595",0,24669.6
"reservoir.1596",0,15418.5
"reservoir.1597",1.3305446287652e-12,1660264.08
"reservoir.1598",0,76475.76
"reservoir.1599",25533.4968934931,92511
"reservoir.16",0,20475.768
"reservoir.160",0,685814.88
"reservoir.1600",981.846258906223,34204.4004
"reservoir.1601",0,30804.92952
"reservoir.1602",5222.75492873693,31823.784
"reservoir.1603",956.196635146175,26026.428
"reservoir.1604",0,20618.85168
"reservoir.1605",56.9392131195837,88854.96528
"reservoir.1606",0,23404.04952
"reservoir.1607",0,10977.972
"reservoir.1608",0,856486.5737
"reservoir.1609",0,124834.3434
"reservoir.161",0,32193.828
"reservoir.1610",1571.24881019163,14185.02
"reservoir.1611",0,23090.7456
"reservoir.1612",145.272045575122,229797.324
"reservoir.1613",1362.82283426144,12334.8
"reservoir.1614",1026.39596876698,11964.756
"reservoir.1615",0,166593.8088
"reservoir.1616",0,9436.122
"reservoir.1617",144314.378897166,437885.4
"reservoir.1618",1251.60645913631,238061.64
"reservoir.1619",4013.44740418594,137261.6544
"reservoir.162",0,11471.364
"reservoir.1620",0,28770.921
"reservoir.1621",111285.999163689,146784.12
"reservoir.1622",3857.48358098007,13611.4518
"reservoir.1623",333.622559445968,90044.04
"reservoir.1624",0,107374.434
"reservoir.1625",9.95073061506224e-15,10484.58
"reservoir.1626",0,481958.8739
"reservoir.1627",11945.8532474354,56579.7276
"reservoir.1628",0,15803.34576
"reservoir.1629",0,205818.4728
"reservoir.163",0,596757.624
"reservoir.1630",0,50740.43328
"reservoir.1631",0,80669.592
"reservoir.1632",1.10912069416357e-14,26889.864
"reservoir.1633",0,49709.244
"reservoir.1634",1323.91912239526,17207.046
"reservoir.1635",8614.6426524361,10632.5976
"reservoir.1636",336273.593182883,430484.52
"reservoir.1637",1.12664653435084e-14,15665.196
"reservoir.1638",0,9497.796
"reservoir.1639",0,7524.228
"reservoir.164",0,75624.6588
"reservoir.1640",0,16035.24
"reservoir.1641",0,98678.4
"reservoir.1642",0,6537.444
"reservoir.1643",1039.45144666484,35154.18
"reservoir.1644",5655.52545961505,632775.24
"reservoir.1645",0,17466.0768
"reservoir.1646",0,339780.5682
"reservoir.1647",6.64835308313514e-17,8202.642
"reservoir.1648",0,167753.28
"reservoir.1649",17.907367148403,14431.716
"reservoir.165",0,184528.608
"reservoir.1650",1.84955275081517e-13,26519.82
"reservoir.1651",1510.93154038126,11101.32
"reservoir.1652",0,29403.69624
"reservoir.1653",1.41662743507857e-17,79929.504
"reservoir.1654",0,9559.47
"reservoir.1655",0,7382.3778
"reservoir.1656",0,2545902.72
"reservoir.1657",2.65934123325421e-16,56370.036
"reservoir.1658",0,11224.668
"reservoir.1659",0,15800.8788
"reservoir.166",0,34475.766
"reservoir.1660",7912.07044500688,10008.45672
"reservoir.1661",0,30680.34804
"reservoir.1662",0,1277761.932
"reservoir.1663",8.24298248872567,50942.724
"reservoir.1664",86.3312946051185,8511.012
"reservoir.1665",430.923817646856,327242.244
"reservoir.1666",0,2552563.512
"reservoir.1667",0,321269.7338
"reservoir.1668",0,18872.244
"reservoir.1669",73388.720031932,350888.0556
"reservoir.167",0.856462118240518,6595.41756
"reservoir.1670",4.20661244629229e-13,236828.16
"reservoir.1671",6119.79114316506,7103.61132
"reservoir.1672",0,56071.53384
"reservoir.1673",0,27906.25152
"reservoir.1674",0,30476.82384
"reservoir.1675",0,107592.76
"reservoir.1676",0,192422.88
"reservoir.1677",1.98296456111271e-17,64140.96
"reservoir.1678",0,14555.064
"reservoir.1679",0,14721.5838
"reservoir.168",7368.38224995097,77141.8392
"reservoir.1680",0,172687.2
"reservoir.1681",0,1392598.92
"reservoir.1682",0,65695.1448
"reservoir.1683",0,154632.7532
"reservoir.1684",0,8511.012
"reservoir.1685",0,281714.4972
"reservoir.1686",2411.50288414905,28653.7404
"reservoir.1687",6048.66663457272,495858.96
"reservoir.1688",1.24656620308789e-15,144933.9
"reservoir.1689",0,15541.848
"reservoir.169",0,22696.032
"reservoir.1690",11991.5365488086,16725.9888
"reservoir.1691",0,123759.9823
"reservoir.1693",85713.6598731558,304052.82
"reservoir.1695",154242.250893896,168807.9054
"reservoir.1696",0,141850.2
"reservoir.1697",0,460088.04
"reservoir.1699",1627.35458486564,9425.02068
"reservoir.17",0,38495.67732
"reservoir.170",0,267850.182
"reservoir.1700",0.319774413364338,1062124.958
"reservoir.1701",15382.2107124646,40704.84
"reservoir.1702",0,67964.748
"reservoir.1703",0,21955.944
"reservoir.1704",0,25153.12416
"reservoir.1705",0,67224.66
"reservoir.1706",0,16281.936
"reservoir.1707",6.62072553595723e-13,685198.14
"reservoir.1708",0,10422.906
"reservoir.1709",0,147980.5956
"reservoir.171",0,36498.6732
"reservoir.1710",3.88430028882186e-15,47982.372
"reservoir.1711",0,790290.636
"reservoir.1712",1.39978996555078e-15,157885.44
"reservoir.1713",0,17821.31904
"reservoir.1714",10903.7647092483,18563.874
"reservoir.1715",0,2919647.16
"reservoir.1716",5332.65627796273,7647.576
"reservoir.1717",0,163487.9062
"reservoir.1718",0,36757.704
"reservoir.1719",4.76811572681117e-14,33877.5282
"reservoir.172",37966.5144,37966.5144
"reservoir.1720",0,78012.67608
"reservoir.1721",0,10607.928
"reservoir.1722",0,44158.584
"reservoir.1723",0,16602.6408
"reservoir.1724",6203.49099051409,22541.847
"reservoir.1725",0,20622.55212
"reservoir.1726",7.49554386070532e-16,20044.05
"reservoir.1727",0,12380.43876
"reservoir.1728",0,171330.372
"reservoir.1729",2.27706093097389e-15,6578.14884
"reservoir.173",0,8387.664
"reservoir.1730",49.0167888360937,482043.984
"reservoir.1731",603.475086877109,12803.5224
"reservoir.1732",0,31194.7092
"reservoir.1733",0,61180.608
"reservoir.1734",0,217092.48
"reservoir.1735",0,943612.2
"reservoir.1736",0,27629.952
"reservoir.1737",0,44904.8394
"reservoir.1738",0,1446992.921
"reservoir.1739",2.63271127568253e-12,1370396.28
"reservoir.174",1063.94703374588,463788.48
"reservoir.1740",3158.32554,37899.90648
"reservoir.1741",5.80075012201932e-15,22742.90424
"reservoir.1742",0,46255.5
"reservoir.1743",0,209004.5516
"reservoir.1744",312.334002025781,9032.77404
"reservoir.1745",0,14061.672
"reservoir.1746",0,27975.3264
"reservoir.1747",0,47636.9976
"reservoir.1748",23340.3053769699,589356.744
"reservoir.1749",0,960319.6866
"reservoir.175",0,267788.508
"reservoir.1750",1.97016387298475e-12,149621.124
"reservoir.1751",0,1160334.636
"reservoir.1752",531.504610902972,39224.664
"reservoir.1753",2202.65785210151,11101.32
"reservoir.1754",0,146771.7852
"reservoir.1755",4213.92917927595,22202.64
"reservoir.1756",0,6784.14
"reservoir.1757",0,490431.648
"reservoir.1758",0,14199.82176
"reservoir.1759",0,24151.5384
"reservoir.176",0,881913.5304
"reservoir.1760",0,7548.8976
"reservoir.1761",0,18070.482
"reservoir.1762",3105.83286127149,9744.492
"reservoir.1763",0,101762.1
"reservoir.1764",0,39647.74764
"reservoir.1765",1.32967061662705e-16,45145.368
"reservoir.1767",0,29270.4804
"reservoir.1768",0,663982.284
"reservoir.177",0,267788.508
"reservoir.1770",919.236903196201,14571.09924
"reservoir.1771",0,42925.104
"reservoir.1772",0,1587488.76
"reservoir.1773",79.6986763635827,18995.592
"reservoir.1774",42053.7678789615,372066.9072
"reservoir.1775",1663.01169802929,7770.924
"reservoir.1776",16676.6496,16676.6496
"reservoir.1777",0,1277844.575
"reservoir.1778",0,10220.61528
"reservoir.1779",0,19562.9928
"reservoir.178",0,24630.12864
"reservoir.1780",0,647897.7048
"reservoir.1781",48.507853822336,282614.9376
"reservoir.1782",1.04249820811892,11471.364
"reservoir.1783",11466.6555322801,32872.242
"reservoir.1784",0,389286.288
"reservoir.1786",18.2634586297522,305133.3485
"reservoir.1787",3155.74050739734,14844.9318
"reservoir.1788",0,525061.599
"reservoir.1789",4511.87470617113,15110.13
"reservoir.179",221.203627910817,662378.76
"reservoir.1790",0,53656.38
"reservoir.1791",3033.07602821073,8528.28072
"reservoir.1792",20411.3398671712,98061.66
"reservoir.1793",0,6167.4
"reservoir.1794",93888.1173551196,328105.68
"reservoir.1795",2721.13685879803,14333.0376
"reservoir.1796",126074.20383838,603314.8037
"reservoir.1797",0,778325.88
"reservoir.1798",0,21450.2172
"reservoir.1799",39.6939719606222,18552.77268
"reservoir.18",0,123348
"reservoir.180",2853.1462588375,18748.896
"reservoir.1800",0,90613.90776
"reservoir.1801",0,28934.97384
"reservoir.1802",295.025458064079,9300.4392
"reservoir.1803",19.7772408913014,447753.24
"reservoir.1804",0,74771.09064
"reservoir.1805",4.86485258680358,18396.12072
"reservoir.1806",0.391400477317029,17194.7112
"reservoir.1807",0,359769.1116
"reservoir.1808",0,22770.0408
"reservoir.1809",0,115083.684
"reservoir.181",0,23429.9526
"reservoir.1810",0.852508492723353,40322.4612
"reservoir.1811",5.74058346785045,108939.7201
"reservoir.1812",0,20118.0588
"reservoir.1813",1.4210854715202e-14,28370.04
"reservoir.1814",113.965265556068,251259.876
"reservoir.1815",206.248755386325,53193.825
"reservoir.1816",11264.5587035698,33920.7
"reservoir.1817",1377.12026219793,10191.01176
"reservoir.1818",21757.0093174682,32105.01744
"reservoir.1819",10912.0986956296,39162.99
"reservoir.182",0,56901.66588
"reservoir.1820",0,23222.72796
"reservoir.1821",0,18539.2044
"reservoir.1822",12.3963359820636,13703.9628
"reservoir.1823",50.9503862679925,595154.1
"reservoir.1824",0,177436.098
"reservoir.1825",0,17725.1076
"reservoir.1826",0,44825.89668
"reservoir.1827",19969.4349504669,27074.886
"reservoir.1828",0,20216.7372
"reservoir.1829",25861.3471423114,616740
"reservoir.183",0,14505.7248
"reservoir.1830",36.8338466467936,74008.8
"reservoir.1831",4162.995,16651.98
"reservoir.1832",1.80370461826229,11534.27148
"reservoir.1833",8130.28745922206,11594.712
"reservoir.1834",12845.4832034368,58853.03124
"reservoir.1835",0,394713.6
"reservoir.1836",0,6425197.32
"reservoir.1837",8.42693379236389,195999.972
"reservoir.1838",0,17293.3896
"reservoir.1839",0,16343.61
"reservoir.184",0,297009.6492
"reservoir.1840",183179.439068022,766361.124
"reservoir.1841",0,3302025.96
"reservoir.1842",0,1177233.312
"reservoir.1843",73684.1509912116,249162.96
"reservoir.1844",550.886258695541,777400.77
"reservoir.1845",12846.6309968131,82458.138
"reservoir.1846",0,759823.68
"reservoir.1847",0,717391.968
"reservoir.1848",0,117131.2608
"reservoir.1849",2257.2684,9029.0736
"reservoir.185",0,28308.366
"reservoir.1850",0,202734.7728
"reservoir.1851",0,27136.56
"reservoir.1852",0.465587528675592,21849.86472
"reservoir.1853",0,76969.152
"reservoir.1854",0,1408634.16
"reservoir.1855",8.37742726776772,11508.3684
"reservoir.1856",0,71788.536
"reservoir.1857",701.283951127554,27999.996
"reservoir.1858",0,31140.43608
"reservoir.1859",4485.66190969612,32493.56364
"reservoir.186",0,14801.76
"reservoir.1860",2404.63777867163,56152.94352
"reservoir.1861",0,286167.36
"reservoir.1862",376.519278817443,8696.034
"reservoir.1863",34.9199593978563,127048.44
"reservoir.1864",0,63409.50636
"reservoir.1865",0,913021.896
"reservoir.1866",1756.96753086071,12310.1304
"reservoir.1867",0,17938.49964
"reservoir.1868",0,179718.036
"reservoir.1869",0,955922.3304
"reservoir.187",0,46132.152
"reservoir.1870",0,417072.892
"reservoir.1871",2874.73483911618,10977.972
"reservoir.1872",0,162819.36
"reservoir.1873",0,22079.292
"reservoir.1874",5734.33930630622,59947.128
"reservoir.1875",45917.7884117556,171700.416
"reservoir.1876",0,800210.2822
"reservoir.1877",0,35548893.6
"reservoir.1878",80.8590104950217,14185.02
"reservoir.1879",0,107436.108
"reservoir.188",0,8634.36
"reservoir.1880",0,204757.68
"reservoir.1881",0,4183964.16
"reservoir.1882",0,99541.836
"reservoir.1883",0,635242.2
"reservoir.1884",11172.8028738309,53286.336
"reservoir.1885",0.553760031605244,291347.976
"reservoir.1886",0,66237.876
"reservoir.1887",0,60854.96928
"reservoir.1888",8855.4200576549,42333.0336
"reservoir.1889",0,397057.212
"reservoir.189",0,24755.9436
"reservoir.1890",27107.0184548907,131181.8315
"reservoir.1891",0,102307.2982
"reservoir.1892",0,129515.4
"reservoir.1893",13470.0010178943,72649.50504
"reservoir.1894",0,83622.54312
"reservoir.1895",30.1306482440369,13074.888
"reservoir.1896",3367.70926235992,25076.6484
"reservoir.1897",0,54273.12
"reservoir.1898",0,21129.5124
"reservoir.1899",8.88178419700125e-16,9991.188
"reservoir.19",0,8325.99
"reservoir.190",0,16281.936
"reservoir.1900",0,22820.61348
"reservoir.1901",6634.55431249893,47377.9668
"reservoir.1902",0,108484.566
"reservoir.1903",0,698488.887
"reservoir.1904",272.044420107204,246325.956
"reservoir.1905",670.039826601013,14801.76
"reservoir.1906",53528.2731089869,1038590.16
"reservoir.1907",0,6167.4
"reservoir.1908",24010.2448761359,94977.96
"reservoir.1909",0,1504809.829
"reservoir.191",0,4259206.44
"reservoir.1910",0,2055841.116
"reservoir.1911",2887.7818424848,93103.0704
"reservoir.1912",3650.30848225107,11841.408
"reservoir.1913",2520.18427455027,31145.37
"reservoir.1914",0,1202852.692
"reservoir.1915",31.5349035812062,316264.272
"reservoir.1916",129.119123110166,36934.09164
"reservoir.1917",0,15233.478
"reservoir.1918",0,11286.342
"reservoir.1919",2884.8664041082,8023.7874
"reservoir.192",0,11915.4168
"reservoir.1920",8586.9949097601,49425.5436
"reservoir.1921",5175.4765,12421.1436
"reservoir.1922",0,537303.888
"reservoir.1924",0,12951.54
"reservoir.1925",100802.986550907,490925.04
"reservoir.1926",0,37296734.76
"reservoir.1927",9930.13882500494,170035.218
"reservoir.1928",0,28946.07516
"reservoir.1929",4759.177,11422.0248
"reservoir.193",0,28308.366
"reservoir.1930",3515.34164998956,185022
"reservoir.1931",0,9448.4568
"reservoir.1932",27.2172861446842,21780.78984
"reservoir.1933",0,26026.428
"reservoir.1934",0,20969.16
"reservoir.1935",17841.539824211,40902.1968
"reservoir.1936",118.178611965549,15630.65856
"reservoir.1937",3288.10988422066,43541.844
"reservoir.1938",0,478799.9316
"reservoir.1939",469.318737025071,17503.0812
"reservoir.194",0,8739.2058
"reservoir.1940",17457.8022738333,2449937.976
"reservoir.1941",2175.74561727439,7510659.72
"reservoir.1942",0,80546.244
"reservoir.1943",0,44859.20064
"reservoir.1944",0,418889.808
"reservoir.1945",4776.83786217107,51867.834
"reservoir.1946",7605.54385286753,942378.72
"reservoir.1947",0,12112.7736
"reservoir.1948",0,20599.116
"reservoir.1949",22189.6610286655,377740.9152
"reservoir.195",0,458241.5204
"reservoir.1950",0,1899250.83
"reservoir.1951",0,28816.55976
"reservoir.1952",0,350678.364
"reservoir.1953",0,16577.9712
"reservoir.1954",694.480448115008,4049638.188
"reservoir.1955",0.127659260594851,50066.9532
"reservoir.1956",0,8325.99
"reservoir.1957",0,7559998.92
"reservoir.1958",5530.102,33180.612
"reservoir.1959",0,7992.9504
"reservoir.196",457.714584035235,14875.7688
"reservoir.1960",0,482290.68
"reservoir.1961",6660.792,6660.792
"reservoir.1962",10.2514914116871,19413.74172
"reservoir.1963",4.59949596735457,19760.3496
"reservoir.1964",0,11208.63276
"reservoir.1965",52.6822605077144,238678.38
"reservoir.1966",16303.7486592289,489420.1944
"reservoir.1967",0,24535.15068
"reservoir.1968",0,529959.7481
"reservoir.1969",0,9117.88416
"reservoir.197",0,31557.35232
"reservoir.1970",0,30837
"reservoir.1971",2717.67256457786,835065.96
"reservoir.1972",0,24052.86
"reservoir.1973",992.901981485144,30220.26
"reservoir.1974",0,6241.4088
"reservoir.1975",0,270847.5384
"reservoir.1976",0,9374.448
"reservoir.1977",0,1399506.408
"reservoir.1978",0,188722.44
"reservoir.1979",1973.14011013567,295418.46
"reservoir.198",0,38977.968
"reservoir.1980",0,8572.686
"reservoir.1981",209.313260439591,2104316.88
"reservoir.1982",0,13321.584
"reservoir.1983",0.707190039098417,356475.72
"reservoir.1984",0,15694.79952
"reservoir.1985",0,20229.072
"reservoir.1986",2.29937031078848e-13,123224.652
"reservoir.1987",75.0321931244454,417532.98
"reservoir.1988",0.0613766217858371,19945.3716
"reservoir.1989",0,959739.951
"reservoir.199",0,255774.4128
"reservoir.1990",1.59540258838966e-13,258039.0821
"reservoir.1991",0,8437.0032
"reservoir.1992",4016.60170614114,11202.46536
"reservoir.1993",147.75356646955,1900792.68
"reservoir.1994",10475.0221632287,3147840.96
"reservoir.1995",81.1824847984368,48969.156
"reservoir.1996",0,88810.56
"reservoir.1997",0,762907.38
"reservoir.1998",682.993396621735,334766.472
"reservoir.1999",0,452489.8032
"reservoir.2",0,94977.96
"reservoir.20",0,59207.04
"reservoir.200",0,28996.64784
"reservoir.2000",0,46293.73788
"reservoir.2001",6.07250609079675,29233.476
"reservoir.2002",159.570792772794,383488.932
"reservoir.2003",42463.1439268336,57239.6394
"reservoir.2004",2130.38256660891,1662731.04
"reservoir.2005",2198.5187054602,354008.76
"reservoir.2006",0,46181.4912
"reservoir.2007",291706.983374278,412848.223
"reservoir.2008",34858.2547809122,1682960.112
"reservoir.2009",0,44158.584
"reservoir.201",26.0242570997297,25903.08
"reservoir.2010",0,34537.44
"reservoir.2011",13925.0296141339,90290.736
"reservoir.2012",8113.25363614277,154185
"reservoir.2013",763.314302225022,672246.6
"reservoir.2014",0,2616211.08
"reservoir.2015",0,560974.3692
"reservoir.2016",0,476344.0729
"reservoir.2017",2527.10530875124,128281.92
"reservoir.2018",0,19488.984
"reservoir.2019",22.3829877166432,19859.028
"reservoir.202",632.852638818815,3120704.4
"reservoir.2020",0,4270307.76
"reservoir.2021",0,1819383
"reservoir.2022",0,124211.436
"reservoir.2023",0,356278.3632
"reservoir.2024",0,356278.3632
"reservoir.2025",0,356278.3632
"reservoir.2026",0,52459.9044
"reservoir.2027",0,71788.536
"reservoir.2028",0,95829.0612
"reservoir.2029",2370.89649775945,2580440.16
"reservoir.203",0,4915417.8
"reservoir.2030",2669.36174802849,804228.96
"reservoir.2031",0,11594.712
"reservoir.2032",5.26151789294041e-15,2709955.56
"reservoir.2033",1276.79853123445,15665.196
"reservoir.2034",0,155418.48
"reservoir.2035",0,14555.064
"reservoir.2036",26766.516,26766.516
"reservoir.2037",0,14801.76
"reservoir.2038",0,2407752.96
"reservoir.2039",221.570313696546,1873656.12
"reservoir.204",1775.72643861811,407048.4
"reservoir.2040",0,22802.11128
"reservoir.2041",0,6670659.84
"reservoir.2042",0,12334.8
"reservoir.2043",0,7770.924
"reservoir.2044",497.289727992478,565649.2584
"reservoir.2045",390.329054789382,31318.0572
"reservoir.2046",0,9004.404
"reservoir.2047",179857.760323282,1347489.323
"reservoir.2048",0,14185.02
"reservoir.2049",0,89303.952
"reservoir.205",0,61476.6432
"reservoir.2050",0,146784.12
"reservoir.2051",0,484757.64
"reservoir.2052",0.0634288434000033,12797.355
"reservoir.2053",0,19735.68
"reservoir.2054",0,551735.604
"reservoir.2055",0,1101497.64
"reservoir.2056",7.09552040108938,36015.14904
"reservoir.2057",0,24669.6
"reservoir.2058",0,14925.108
"reservoir.2059",0,14981.84808
"reservoir.206",17.9634920082144,17885.46
"reservoir.2060",0,2445990.84
"reservoir.2061",8029.9548,8029.9548
"reservoir.2062",0,172381.297
"reservoir.2063",0,218000.3213
"reservoir.2064",0,11977.0908
"reservoir.2065",0,2088725.693
"reservoir.2066",1.67244460306441e-13,14545.19616
"reservoir.2067",0,75242.28
"reservoir.2068",0.346608858035743,19360.70208
"reservoir.2069",0,63277.524
"reservoir.207",0,1665198
"reservoir.2070",0,75382.89672
"reservoir.2071",0,125777.9556
"reservoir.2072",74.5858608778426,31083.696
"reservoir.2073",2529.23194422595,9522.4656
"reservoir.2074",0,548281.86
"reservoir.2075",0,95027.2992
"reservoir.2076",0,41938.32
"reservoir.2077",0,9268.36872
"reservoir.2078",16775.328,16775.328
"reservoir.2079",0,30499.02648
"reservoir.208",0.0162078357838058,12704.844
"reservoir.2080",182.824181172734,57618.31776
"reservoir.2081",0,15665.196
"reservoir.2082",0,69568.272
"reservoir.2083",0,65719.8144
"reservoir.2084",0,12702.37704
"reservoir.2085",0,20401.7592
"reservoir.2086",1444.79603063563,2265286.02
"reservoir.2087",0,1449339
"reservoir.2088",0,82313.82084
"reservoir.2089",0,20389.4244
"reservoir.209",307.421613625403,326872.2
"reservoir.2090",0,10607.928
"reservoir.2091",0,146833.4592
"reservoir.2092",0,14185.02
"reservoir.2093",1.7810414164404,60563.868
"reservoir.2094",0,28468.7184
"reservoir.2096",0,11101.32
"reservoir.2097",0,473409.624
"reservoir.2098",0,9991.188
"reservoir.2099",0,25953.65268
"reservoir.21",0,16281.936
"reservoir.210",0,8881.056
"reservoir.2100",220.706469846794,82275.58296
"reservoir.2101",0,77122.10352
"reservoir.2102",0,11101.32
"reservoir.2103",0,119647.56
"reservoir.2104",0,1779911.64
"reservoir.2105",899.97695894979,890572.56
"reservoir.2106",0,43307.4828
"reservoir.2107",31367.7191675005,34019.3784
"reservoir.2108",0,19538.3232
"reservoir.2109",0,192422.88
"reservoir.211",0,31878.05712
"reservoir.2110",0,11841.408
"reservoir.2111",0,347841.36
"reservoir.2112",1.80700362080917e-20,13965.46056
"reservoir.2114",0,7832.598
"reservoir.2115",0,42815.32428
"reservoir.2116",371.169241878754,67878.4044
"reservoir.2117",0,39471.36
"reservoir.2118",0,12408.8088
"reservoir.2119",0,11594.712
"reservoir.212",0,21043.1688
"reservoir.2120",1559.83916674233,65096.907
"reservoir.2121",0,87922.4544
"reservoir.2122",0,23436.12
"reservoir.2123",0,387775.275
"reservoir.2124",0,13654.6236
"reservoir.2126",0,86849.3268
"reservoir.2127",302.722522377991,14801.76
"reservoir.2128",34.1063165852981,10237.884
"reservoir.2129",1.19415939100997e-15,1584281.712
"reservoir.213",0,15048.456
"reservoir.2130",0,156651.96
"reservoir.2131",4027.14318645981,217339.176
"reservoir.2132",0,30713.652
"reservoir.2133",0,40495.1484
"reservoir.2134",0,169307.4648
"reservoir.2135",0,2972520.28
"reservoir.2136",0,7437.8844
"reservoir.2137",0,37004.4
"reservoir.2138",0,47365.632
"reservoir.2139",0,274325.952
"reservoir.214",70.7395968121212,67579.90224
"reservoir.2141",105.95710763691,18112.42032
"reservoir.2142",0,15103.9626
"reservoir.2143",0,191006.845
"reservoir.2144",1313.57080056561,9621.144
"reservoir.2145",0,10854.624
"reservoir.2146",0,85110.12
"reservoir.2147",24669.6,24669.6
"reservoir.2148",0,535330.32
"reservoir.2149",63.206136575139,125622.5371
"reservoir.215",0,21339.204
"reservoir.2150",0,10977.972
"reservoir.2151",0,23637.17724
"reservoir.2152",89391.5928387067,796828.08
"reservoir.2153",0.891449377202489,32576.2068
"reservoir.2154",0,1622852.632
"reservoir.2155",0,874684.1041
"reservoir.2156",0,1119753.144
"reservoir.2157",0,18053.21328
"reservoir.2158",0,296651.94
"reservoir.2159",0,36387.66
"reservoir.216",0,40581.492
"reservoir.2160",0,103859.016
"reservoir.2161",0,24669.6
"reservoir.2162",0,9274.53612
"reservoir.2163",0,23888.80716
"reservoir.2164",9.02706946278193,31947.132
"reservoir.2165",0,39212.3292
"reservoir.2166",17.9289065072593,1518167.184
"reservoir.2167",0,749955.84
"reservoir.2168",550238.582968071,579735.6
"reservoir.2169",7439.16065261575,911541.72
"reservoir.217",0,25903.08
"reservoir.2170",0,3508017.12
"reservoir.2171",0,132475.752
"reservoir.2172",0,1007615.01
"reservoir.2173",2.25676736569548,37127.748
"reservoir.2174",0,7400.88
"reservoir.2175",0,74008.8
"reservoir.2176",0,214995.564
"reservoir.2177",0,1742258.43
"reservoir.2178",0,12044.9322
"reservoir.2179",1281.77928356369,203770.896
"reservoir.218",0,185022
"reservoir.2180",0,14801.76
"reservoir.2181",0,24052.86
"reservoir.2182",18.315661387018,32317.176
"reservoir.2183",0,29171.802
"reservoir.2184",0,616740
"reservoir.2185",0,8634.36
"reservoir.2186",0,46785.8964
"reservoir.2187",0,47674.002
"reservoir.2188",0,23574.26976
"reservoir.2189",0,7487.2236
"reservoir.219",3272.19753610534,12322.4652
"reservoir.2190",0,77462.544
"reservoir.2191",0,38361.228
"reservoir.2192",3420.54135770797,183048.432
"reservoir.2193",9180.02248354066,38237.88
"reservoir.2194",0,241638.732
"reservoir.2195",3303.47893122034,311330.352
"reservoir.2196",38237.88,38237.88
"reservoir.2197",106197.576244289,1123700.28
"reservoir.2198",0,133215.84
"reservoir.2199",0,10536.38616
"reservoir.22",0,564933.84
"reservoir.220",0,13789.07292
"reservoir.2200",0,9508.89732
"reservoir.2201",2.14861852403183e-14,14246.694
"reservoir.2202",0,10744.84428
"reservoir.2203",0,76475.76
"reservoir.2205",0,26804.75388
"reservoir.2206",0,72898.668
"reservoir.2207",0,23312.772
"reservoir.2208",0,608845.728
"reservoir.2209",278.527112825879,45022.02
"reservoir.221",0,8720.7036
"reservoir.2210",804149.46866542,896246.568
"reservoir.2211",0,367098.4498
"reservoir.2212",0,9631.01184
"reservoir.2213",0,1362995.4
"reservoir.2214",0,14282.46492
"reservoir.2215",5736.2902842833,182555.04
"reservoir.2216",0,12704.844
"reservoir.2217",0,9108.01632
"reservoir.2218",0,4684757.04
"reservoir.2219",0,599717.976
"reservoir.222",332.358991497399,48060.08124
"reservoir.2220",3.29082259205628,11101.32
"reservoir.2221",0,14801.76
"reservoir.2222",0,493392
"reservoir.2223",67403.8311582978,453263.1952
"reservoir.2224",0,14616.738
"reservoir.2225",0,27999.996
"reservoir.2226",32.8976391109543,11397.3552
"reservoir.2227",0,360657.2172
"reservoir.2228",0,61674
"reservoir.2229",0,86836.992
"reservoir.223",0,33749.24628
"reservoir.2230",0,583189.344
"reservoir.2231",0,21709.248
"reservoir.2232",0,98493.378
"reservoir.2233",0,54889.86
"reservoir.2234",446.6790021166,46008.804
"reservoir.2235",0,318237.84
"reservoir.2236",0,1321057.08
"reservoir.2237",0,250396.44
"reservoir.2238",0,123964.74
"reservoir.2239",0,3506413.596
"reservoir.224",3.00419379197408e-14,93249.85452
"reservoir.2240",0,789673.896
"reservoir.2241",0,9941.8488
"reservoir.2242",98.6119279349104,67055.67324
"reservoir.2243",2.47627258892392e-14,183792.2204
"reservoir.2244",0,9251.1
"reservoir.2245",0.0358899125466374,20446.16448
"reservoir.2246",0,19242.288
"reservoir.2247",0,31638.762
"reservoir.2248",8.21799500058097,514361.16
"reservoir.2249",0,19945.3716
"reservoir.225",0,12334.8
"reservoir.2250",29.5328675861475,49585.896
"reservoir.2251",0,44405.28
"reservoir.2252",3.08773233817873e-13,193903.056
"reservoir.2253",0,5028651.264
"reservoir.2254",0.0280384324003523,414449.28
"reservoir.2255",0,79806.156
"reservoir.2256",50572.68,50572.68
"reservoir.2258",0,527806.092
"reservoir.2259",0,207303.5827
"reservoir.226",7612.79406693424,29295.15
"reservoir.2260",105826.297328833,293346.2136
"reservoir.2261",28.3497604218504,271365.6
"reservoir.2262",0,1706026.188
"reservoir.2263",108321.003085036,237653.3581
"reservoir.2264",0,30837
"reservoir.2265",0,10176.21
"reservoir.2266",57.2658049867683,34775.50164
"reservoir.2267",393.035860097829,133832.58
"reservoir.2268",578.364033174667,78034.87872
"reservoir.2269",0,21635.2392
"reservoir.227",0,367206.996
"reservoir.2270",0,11348.016
"reservoir.2271",0,128873.9904
"reservoir.2272",0,130748.88
"reservoir.2273",0,261374.412
"reservoir.2274",13006.2195472366,1297620.96
"reservoir.2275",6639.80960928085,18632.94888
"reservoir.2277",0,528669.528
"reservoir.2278",0,15665.196
"reservoir.2279",0,196493.364
"reservoir.228",282.355899603727,135029.0556
"reservoir.2280",0,13925.9892
"reservoir.2281",0,17268.72
"reservoir.2282",0,109366.5042
"reservoir.2283",0,243693.7097
"reservoir.2284",15735.7654643153,34537.44
"reservoir.2285",0,56616.732
"reservoir.2286",1308.45080400399,73515.408
"reservoir.2287",680.038139750537,826431.6
"reservoir.2288",127.906127249859,12754.1832
"reservoir.2289",0,14234.3592
"reservoir.229",0,25103.78496
"reservoir.2290",0,9140.0868
"reservoir.2291",0,9497.796
"reservoir.2292",126.275028971559,19893.56544
"reservoir.2293",1080.79693629959,8264.316
"reservoir.2294",0,3150307.92
"reservoir.2295",0,48969.156
"reservoir.2296",0,85417.25652
"reservoir.2297",0,38237.88
"reservoir.2298",94.1622297083222,1916642.898
"reservoir.2299",607.088090115511,12458.148
"reservoir.23",0,93744.48
"reservoir.230",0,9867.84
"reservoir.2300",0,977039.508
"reservoir.2301",0.551580318891424,322367.531
"reservoir.2302",0,1767946.884
"reservoir.2303",0,63770.916
"reservoir.2304",0,37152.4176
"reservoir.2305",94.8515353791795,95683.51056
"reservoir.2306",0,33303.96
"reservoir.2307",0.520846554258184,4639735.02
"reservoir.2308",29.1674070384583,8288.9856
"reservoir.2309",0,93697.60776
"reservoir.231",189.507144105892,9744.492
"reservoir.2311",94.7830187467925,84038.22588
"reservoir.2312",510.469098984365,7123.347
"reservoir.2313",16883.4839379502,1726872
"reservoir.2314",0,45145.368
"reservoir.2315",0,3720792.42
"reservoir.2316",0,22696.032
"reservoir.2317",0,75741.8394
"reservoir.2318",779.041032146437,26396.472
"reservoir.2319",0,14925.108
"reservoir.232",83.9529516240226,60498.49356
"reservoir.2320",0,83143.95288
"reservoir.2321",0,77932.49988
"reservoir.2322",0,18502.2
"reservoir.2323",0,3577092
"reservoir.2324",4894.64375985447,23436.12
"reservoir.2325",986.20684594028,84493.38
"reservoir.2326",968.402102138972,43171.8
"reservoir.2327",3307.66891953471,286023.0428
"reservoir.2328",0,15942.729
"reservoir.2329",746.915299701327,277533
"reservoir.233",50.9824637296488,20179.7328
"reservoir.2330",0,20298.14688
"reservoir.2331",1.10066823698079e-14,21955.944
"reservoir.2332",1085.3489567666,1356828
"reservoir.2333",111013.2,111013.2
"reservoir.2334",2518551.37669106,5963382.408
"reservoir.2335",1113.87119015182,94977.96
"reservoir.2336",3.7435192328318e-15,79628.53488
"reservoir.2337",0,27136.56
"reservoir.2338",0,1496827.98
"reservoir.2339",2591.26886418165,16035.24
"reservoir.234",952818.901185964,29726868
"reservoir.2340",14880.1407461089,2717356.44
"reservoir.2341",0,14148.0156
"reservoir.2342",0,1698501.96
"reservoir.2343",0,1120493.232
"reservoir.2344",5180.616,62167.392
"reservoir.2345",14194.9246671309,14320.7028
"reservoir.2346",0,273585.864
"reservoir.2347",56.7116686444891,265938.288
"reservoir.2348",0,134449.32
"reservoir.2349",0,16877.70684
"reservoir.235",0,23458.32264
"reservoir.2350",8.67877183356915e-13,12951.54
"reservoir.2351",0,11595.94548
"reservoir.2352",0,740828.088
"reservoir.2353",30.2787849907539,196740.06
"reservoir.2354",0,1976034.96
"reservoir.2356",5.98526533335232e-14,1481147.982
"reservoir.2357",0,1194267.671
"reservoir.2358",0,12115.24056
"reservoir.2359",0,457127.688
"reservoir.236",0,257180.58
"reservoir.2360",0,164299.536
"reservoir.2361",0,38933.56272
"reservoir.2362",0,452687.16
"reservoir.2363",0,94731.264
"reservoir.2364",367.798853615594,39779.73
"reservoir.2365",3.25411290753563,26359.4676
"reservoir.2366",0,1541603.304
"reservoir.2367",538.797990043656,56493.384
"reservoir.2368",0,3357655.908
"reservoir.2369",0,131982.36
"reservoir.237",0,9512.59776
"reservoir.2370",0,17515.416
"reservoir.2371",169.669728053309,73623.95424
"reservoir.2372",295.128420929333,23066.076
"reservoir.2373",0,155418.48
"reservoir.2374",402.81743861046,119647.56
"reservoir.2375",0,411982.32
"reservoir.2376",0,233251.068
"reservoir.2377",32563.872,32563.872
"reservoir.2378",0,792140.856
"reservoir.2379",21.1349406846475,7746.2544
"reservoir.238",0,99911.88
"reservoir.2380",0,6552615.804
"reservoir.2382",0,7770.924
"reservoir.2383",0,1282819.2
"reservoir.2384",0,696546.156
"reservoir.2385",0,365110.08
"reservoir.2386",0,67841.4
"reservoir.2387",0,73371.09084
"reservoir.2388",1.59737046346776e-13,30436.119
"reservoir.2389",0,16158.588
"reservoir.239",0,9516.2982
"reservoir.2390",0,34044.048
"reservoir.2391",0,2288019.056
"reservoir.2392",723.499834811924,2932551.828
"reservoir.2393",0,249162.96
"reservoir.2394",1322.32331141126,34537.44
"reservoir.2395",3336.74758081866,24669.6
"reservoir.2396",3.57463964377033e-14,178854.6
"reservoir.2398",0,12765.28452
"reservoir.2399",4352.83503370336,13321.584
"reservoir.24",0,7894.272
"reservoir.240",0,13198.236
"reservoir.2400",0,23436.12
"reservoir.2401",0,222026.4
"reservoir.2402",0,145538.3052
"reservoir.2403",0.340423172388135,98678.4
"reservoir.2404",5720.12223448231,29011.4496
"reservoir.2405",0,17022.024
"reservoir.2406",0.672996064476568,12458.148
"reservoir.2407",7155.36053316434,71603.514
"reservoir.2408",6444.0035662171,21277.53
"reservoir.2409",0,55506.6
"reservoir.241",911.288964435048,20692.86048
"reservoir.2410",1075.30732968222,86343.6
"reservoir.2411",4651.01055609337,425673.948
"reservoir.2412",0,955700.304
"reservoir.2413",11964.756,11964.756
"reservoir.2414",16239.2524894582,41938.32
"reservoir.2415",0,326872.2
"reservoir.2416",5252.77194750689,104845.8
"reservoir.2417",3195.90971595278,1313656.2
"reservoir.2418",0,7068827.184
"reservoir.2419",0,16775.328
"reservoir.242",20.0757058231358,2529867.48
"reservoir.2420",282.298910535937,1139506.093
"reservoir.2421",0,223259.88
"reservoir.2422",0,308370
"reservoir.2423",42801.756,42801.756
"reservoir.2424",0,129515.4
"reservoir.2425",0,43171.8
"reservoir.2426",3415.03046828109,12581.496
"reservoir.2428",0,2000704.56
"reservoir.2429",3.74724115477899,185022
"reservoir.243",0,33147.30804
"reservoir.2430",0,111013.2
"reservoir.2431",228.988701593989,46502.196
"reservoir.2432",0,58713.648
"reservoir.2433",0,366947.9652
"reservoir.2434",0,172687.2
"reservoir.2435",865.737714526567,2569092.144
"reservoir.2436",0,72343.602
"reservoir.2437",0,202290.72
"reservoir.2438",0,62044.044
"reservoir.2439",0,39471.36
"reservoir.244",0,102699.5448
"reservoir.2440",0,7647.576
"reservoir.2441",0,283700.4
"reservoir.2442",87760.0381637157,1136281.776
"reservoir.2443",0,32070.48
"reservoir.2444",0,283700.4
"reservoir.2445",0,13568.28
"reservoir.2446",140.60571801932,935964.624
"reservoir.2447",34.9349874336773,29603.52
"reservoir.2448",0.475595184281115,9357.17928
"reservoir.2449",36.572364482855,44405.28
"reservoir.245",0,12211.452
"reservoir.2450",0,41464.66368
"reservoir.2451",0,57356.82
"reservoir.2452",113.523197088133,1603524
"reservoir.2453",194.752646401774,29973.564
"reservoir.2454",0.0999966652935535,839179.6158
"reservoir.2455",293.703456126946,888105.6
"reservoir.2456",1705.16824255646,36017.616
"reservoir.2457",0,27136.56
"reservoir.2458",0,14801.76
"reservoir.2459",1886.79626912996,48599.112
"reservoir.246",545.66326600374,18794.53476
"reservoir.2460",0,2047576.8
"reservoir.2461",0,185022
"reservoir.2462",782.303978261918,719858.928
"reservoir.2463",3070.33057929806,118691.613
"reservoir.2464",0,46280.1696
"reservoir.2465",0,246696
"reservoir.2466",57.3624239414016,1293279.11
"reservoir.2467",0,2289955.62
"reservoir.2468",0,296035.2
"reservoir.2469",0,18995.592
"reservoir.247",0,19735.68
"reservoir.2470",0,25829.0712
"reservoir.2471",208.171808120448,8634.36
"reservoir.2472",462.793916843248,87429.0624
"reservoir.2474",228.603524727888,24850.92156
"reservoir.2475",3937.32637874008,127665.18
"reservoir.2476",0,931277.4
"reservoir.2477",0,175585.878
"reservoir.2478",1393.40734914353,444052.8
"reservoir.2479",0,288881.016
"reservoir.248",0,34821.1404
"reservoir.2480",0,19711.0104
"reservoir.2481",0,47170.74216
"reservoir.2482",0,9867.84
"reservoir.2483",1109.51570363075,156651.96
"reservoir.2484",823.956088310055,94977.96
"reservoir.2485",0,22202.64
"reservoir.2486",13.7468219518402,210598.2078
"reservoir.2487",16781.6164957656,505726.8
"reservoir.2488",0,13148.8968
"reservoir.2489",0,328105.68
"reservoir.249",0,21916.47264
"reservoir.2490",0,16651.98
"reservoir.2491",64.1519718411769,40174.4436
"reservoir.2492",535.896417345291,16841.93592
"reservoir.2493",142.830727825019,557532.96
"reservoir.2494",0,265198.2
"reservoir.2495",4742.54202601835,23855.5032
"reservoir.2496",0,65374.44
"reservoir.2497",0,90870.4716
"reservoir.2498",8461.86713686937,14086.3416
"reservoir.2499",0,40458.144
"reservoir.25",0,589603.44
"reservoir.250",0,35265.1932
"reservoir.2500",150.8103060858,21969.51228
"reservoir.2501",0,409268.664
"reservoir.2502",35468.6374670818,87207.036
"reservoir.2503",67425.8070429454,89118.93
"reservoir.2504",0,111259.896
"reservoir.2505",3261.86178648804,296827.0942
"reservoir.2506",3470.73330122919,20414.094
"reservoir.2507",0,124632.0527
"reservoir.2508",0,392246.64
"reservoir.2509",1.83302176809319,61674
"reservoir.251",4.67538174227227e-15,75466.77336
"reservoir.2510",0,29187.83724
"reservoir.2511",521.492970638109,330202.596
"reservoir.2512",4.14949273174599e-13,282466.92
"reservoir.2513",821.635895603171,19723.3452
"reservoir.2514",5171.74975147659,82273.116
"reservoir.2515",0,224863.404
"reservoir.2516",0,331066.032
"reservoir.2517",130.977352706429,17268.72
"reservoir.2518",2.43169654814352,193409.664
"reservoir.2519",517.91629089225,1338325.8
"reservoir.252",17478.4116,17478.4116
"reservoir.2520",173.778262244982,66977.964
"reservoir.2521",146.003434940525,105844.9188
"reservoir.2522",0,26396.472
"reservoir.2523",30013.0769943251,57973.56
"reservoir.2524",15815.129367095,499559.4
"reservoir.2525",0,1152563.712
"reservoir.2526",0,51806.16
"reservoir.2527",69.9395813610717,97859.36928
"reservoir.2528",854.717253338662,9596.4744
"reservoir.2529",3853.89061833838,113085.4464
"reservoir.253",0,22387.662
"reservoir.2530",0,17762.112
"reservoir.2531",14925.6675393262,1288986.6
"reservoir.2532",0,113480.16
"reservoir.2533",0,235347.984
"reservoir.2534",0,534096.84
"reservoir.2535",10414.4885804109,999118.8
"reservoir.2536",0,135682.8
"reservoir.2537",0,414202.584
"reservoir.2538",4453.26843169472,1455506.4
"reservoir.2539",0,98678.4
"reservoir.254",0,25162.992
"reservoir.2540",0,118858.1328
"reservoir.2541",0,7863.435
"reservoir.2542",0,443929.452
"reservoir.2543",0,28863.432
"reservoir.2544",5257.74934076648,69177.25884
"reservoir.2545",84.0133644806916,60798.2292
"reservoir.2546",0,150484.56
"reservoir.2547",0,345374.4
"reservoir.2548",10533.7788508572,552845.736
"reservoir.2549",214.706962126216,2590801.392
"reservoir.255",18484.93128,18484.93128
"reservoir.2550",0,11101.32
"reservoir.2551",91.5749903363606,87379.7232
"reservoir.2552",0,37004.4
"reservoir.2553",0,69938.316
"reservoir.2554",0,22424.6664
"reservoir.2555",0,9867.84
"reservoir.2556",71.6335566932552,16651.98
"reservoir.2557",0,43788.54
"reservoir.2558",0,208458.12
"reservoir.2559",24059.1916600244,55506.6
"reservoir.256",0,1203876.48
"reservoir.2560",0,19735.68
"reservoir.2561",1007.8984704828,1021691.484
"reservoir.2562",1.34798839500224,205991.16
"reservoir.2563",0,150484.56
"reservoir.2564",1333.20369703881,184158.564
"reservoir.2565",4152.53457616279,72722.28036
"reservoir.2566",1424.49777521073,858872.124
"reservoir.2567",435.445959821239,52422.9
"reservoir.2568",37.4669895621656,10484.58
"reservoir.2569",4506.37925549393,1341429.236
"reservoir.257",161.892987220516,149251.08
"reservoir.2570",1275.33721253754,13050.2184
"reservoir.2571",0,33748.0128
"reservoir.2572",0,8412.3336
"reservoir.2573",113.67906625496,155418.48
"reservoir.2574",138.094917180839,33303.96
"reservoir.2575",19.8258892419955,60687.216
"reservoir.2576",76.1677659736408,55814.97
"reservoir.2577",517.815380096198,688131.3554
"reservoir.2578",0,501039.576
"reservoir.2579",20.3753840849416,9438.58896
"reservoir.258",0,15418.5
"reservoir.2580",0,119647.56
"reservoir.2581",0,6514686.294
"reservoir.2582",6000.69181720898,87435.2298
"reservoir.2583",2660.63132111984,261991.152
"reservoir.2584",43.5606399193411,47118.936
"reservoir.2585",0,67841.4
"reservoir.2586",1028.35009791111,2314871.916
"reservoir.2587",14579.7336,14579.7336
"reservoir.2588",0,6919822.8
"reservoir.2589",3324.03269806145,30837
"reservoir.259",0,187488.96
"reservoir.2590",509.31848160861,123348
"reservoir.2591",15039.1349756473,1249885.284
"reservoir.2592",0,317004.36
"reservoir.2593",6587.14815634304,168370.02
"reservoir.2594",3127.68592554183,16281.936
"reservoir.2595",351.614389698993,377938.272
"reservoir.2596",3544.4966238913,29603.52
"reservoir.2597",34188.5028189402,1603524
"reservoir.2598",0,70925.1
"reservoir.2599",10176.21,10176.21
"reservoir.26",0,10792.95
"reservoir.260",15665.196,15665.196
"reservoir.2600",43171.8,43171.8
"reservoir.2601",7849.20908149669,197356.8
"reservoir.2602",21507.3101045407,692105.628
"reservoir.2603",27136.56,27136.56
"reservoir.2604",8991.3402306014,271488.948
"reservoir.2605",0,50079.288
"reservoir.2606",1615.09332450624,2522466.6
"reservoir.2607",21586.9460105326,70559.98992
"reservoir.2608",24669.6,24669.6
"reservoir.2609",33597.7667015208,273832.56
"reservoir.261",0,400861.2643
"reservoir.2610",53989.796054986,3975629.388
"reservoir.2611",0,246696
"reservoir.2613",0,26889.864
"reservoir.2614",0,148017.6
"reservoir.2615",36693.6903678846,3833576.897
"reservoir.2616",287.926464460443,872033.3556
"reservoir.2617",23593.2051439764,1269004.224
"reservoir.2618",117180.6,117180.6
"reservoir.2619",2713.71264493476,55753.296
"reservoir.262",0,22325.988
"reservoir.2620",6208.98943245359,20922.28776
"reservoir.2621",0,11224.668
"reservoir.2622",0,186502.176
"reservoir.2623",460.834253610237,347594.664
"reservoir.2624",1064.72947978022,109320.8654
"reservoir.2625",4722.49424590653,1392968.964
"reservoir.2626",0,11187.6636
"reservoir.2627",376.175205519108,26073.30024
"reservoir.2628",7.97802369976254e-14,499559.4
"reservoir.2629",1469.20002595381,66607.92
"reservoir.263",0,18354.1824
"reservoir.2630",0,234361.2
"reservoir.2634",0,37004.4
"reservoir.2635",97.878233662689,7277.532
"reservoir.2636",92.7533931299191,6229.074
"reservoir.2637",10091.2306679118,403656.33
"reservoir.2638",4803320.98195049,6979769.928
"reservoir.264",0,9991.188
"reservoir.2640",100.202468287433,29011.4496
"reservoir.2641",0,23127.75
"reservoir.2642",3.6392858006291,14022.20064
"reservoir.2643",6.03205384795145,103612.32
"reservoir.2644",0,69074.88
"reservoir.2645",0,27136.56
"reservoir.2646",105.871212631831,103612.32
"reservoir.2647",538.214273536348,99911.88
"reservoir.2648",0,90044.04
"reservoir.2649",0,256563.84
"reservoir.265",0,140616.72
"reservoir.2650",30512.1720660372,39871.00752
"reservoir.2651",0,42925.104
"reservoir.2652",686.041161358917,20014.44648
"reservoir.2653",0,90044.04
"reservoir.2654",0,45638.76
"reservoir.2655",0,344140.92
"reservoir.2656",280.916807128801,54206.51208
"reservoir.2657",0,36937.79208
"reservoir.2658",0,10553.65488
"reservoir.2659",13568.28,13568.28
"reservoir.266",13136.562,13136.562
"reservoir.2660",13568.28,13568.28
"reservoir.2661",30096.912,30096.912
"reservoir.2662",104481.69725989,245497.0574
"reservoir.2663",1570.91647468866,13568.28
"reservoir.2664",0,12766.518
"reservoir.2665",0,900440.4
"reservoir.2666",20204.4024,20204.4024
"reservoir.2668",0,208458.12
"reservoir.2669",20.8856338730364,9280.70352
"reservoir.267",0,27506.604
"reservoir.2670",0,917585.772
"reservoir.2671",37650.5313995642,64140.96
"reservoir.2672",0,9516.2982
"reservoir.2673",0,7524.228
"reservoir.2674",0,10040.5272
"reservoir.2675",1.50670780296736e-14,57480.168
"reservoir.2676",7.76238436751101e-13,10361.232
"reservoir.2677",0,55106.95248
"reservoir.2678",0,514977.9
"reservoir.2679",0,10508016.12
"reservoir.268",0,7928.80944
"reservoir.2680",1.09944645979947e-14,9189.426
"reservoir.2681",0,117180.6
"reservoir.2682",0,10508016.12
"reservoir.2683",0,654977.88
"reservoir.2684",0,530396.4
"reservoir.2685",0,61674
"reservoir.2686",0,61674
"reservoir.2687",1490.6589830859,8140.968
"reservoir.2688",1411.49711979356,72281.928
"reservoir.2689",0,664845.72
"reservoir.269",0,12334.8
"reservoir.2690",0,3363576.612
"reservoir.2691",0,550132.08
"reservoir.2692",0,664845.72
"reservoir.2693",0,664845.72
"reservoir.2694",0,222026.4
"reservoir.2695",0,222026.4
"reservoir.2696",0,3363576.612
"reservoir.2697",0,672715.3224
"reservoir.2698",0,672715.3224
"reservoir.2699",0,672715.3224
"reservoir.27",0,82889.856
"reservoir.270",0,48345.01512
"reservoir.2700",0,2713656
"reservoir.2701",0,3363576.612
"reservoir.2702",0,3363576.612
"reservoir.2703",1038440.77819233,5033585.184
"reservoir.2704",0,101046.6816
"reservoir.2705",5228.76634840646,27808.8066
"reservoir.2706",7.17886728537162,16651.98
"reservoir.2707",1182.78652848514,9674.18364
"reservoir.2708",986.13195796274,11229.60192
"reservoir.271",0,135584.1216
"reservoir.272",186.705945177014,19538.3232
"reservoir.273",0,61674
"reservoir.274",0,146784.12
"reservoir.275",0,10422.906
"reservoir.276",118.459147319991,50202.636
"reservoir.277",0,556422.828
"reservoir.278",0,55346.2476
"reservoir.279",0,150237.864
"reservoir.28",0,23374.446
"reservoir.280",0,288017.58
"reservoir.281",0,925110
"reservoir.282",0,12865.1964
"reservoir.283",0,9284.40396
"reservoir.284",0,24484.578
"reservoir.285",0,271535.8202
"reservoir.286",0,7663.61124
"reservoir.287",44442.2844,44442.2844
"reservoir.288",0,6599.118
"reservoir.289",0,7785.72576
"reservoir.29",0,101145.36
"reservoir.290",8.0953762212251e-18,12334.8
"reservoir.291",0,69105.717
"reservoir.292",0,9297.97224
"reservoir.293",0,184082.0882
"reservoir.294",0,52780.6092
"reservoir.295",0,19859.028
"reservoir.296",0,16420.08576
"reservoir.297",0,34537.44
"reservoir.298",0,129515.4
"reservoir.299",0,528052.788
"reservoir.3",0,218552.9203
"reservoir.30",0,11673.65472
"reservoir.300",0,37855.5012
"reservoir.301",0,74970.9144
"reservoir.302",660.108765808148,46008.804
"reservoir.303",0,16787.6628
"reservoir.304",0,88894.43664
"reservoir.305",0,7894.272
"reservoir.306",0,17145.372
"reservoir.307",0,143700.42
"reservoir.308",4.81908781282596,8387.664
"reservoir.309",0,242181.4632
"reservoir.31",0,731453.64
"reservoir.310",23.9988006235232,34784.136
"reservoir.311",0,16608.8082
"reservoir.312",0,17823.786
"reservoir.313",0,33340.9644
"reservoir.314",0,60980.78424
"reservoir.315",48722.46,48722.46
"reservoir.316",0,52731.27
"reservoir.317",0,1.21e+08
"reservoir.318",0,30206.69172
"reservoir.319",94854.612,94854.612
"reservoir.32",0,445532.976
"reservoir.320",0,226627.2804
"reservoir.321",0,659911.8
"reservoir.322",0,14925.108
"reservoir.323",0,111476.9885
"reservoir.324",0,9867.84
"reservoir.325",0,8471.54064
"reservoir.326",34.5395840665627,12211.452
"reservoir.327",0,13457.2668
"reservoir.328",0,28049.3352
"reservoir.329",0,468722.4
"reservoir.33",90260.7001824194,111506.592
"reservoir.330",0,32070.48
"reservoir.331",3578.87709536169,55629.948
"reservoir.332",0,11609.51376
"reservoir.333",0,8017.62
"reservoir.334",0,19044.9312
"reservoir.335",0,12334.8
"reservoir.336",0,23929.512
"reservoir.337",0,8219.91072
"reservoir.338",0,144070.464
"reservoir.339",0,16713.654
"reservoir.34",0,1469992.389
"reservoir.340",0,38891.6244
"reservoir.341",0,29208.8064
"reservoir.342",0,20426.4288
"reservoir.343",0,9066.078
"reservoir.344",0,10990.3068
"reservoir.345",0,89767.74048
"reservoir.346",0,55309.2432
"reservoir.347",0,14555.064
"reservoir.348",0,38913.82704
"reservoir.349",0,71237.17044
"reservoir.35",0,43869.94968
"reservoir.350",0,18502.2
"reservoir.351",0,14308.368
"reservoir.352",0,82643.16
"reservoir.353",900.754711443471,14986.782
"reservoir.354",0,197356.8
"reservoir.355",3640.73028222182,241762.08
"reservoir.356",0,10075.06464
"reservoir.357",0,97938.312
"reservoir.358",0,156327.5548
"reservoir.359",0,16010.5704
"reservoir.36",0,43869.94968
"reservoir.360",0,19291.6272
"reservoir.361",0,29147.1324
"reservoir.362",0,11348.016
"reservoir.363",0,32243.1672
"reservoir.364",0,89318.75376
"reservoir.365",0,32070.48
"reservoir.366",0,10558.5888
"reservoir.367",0,110088.09
"reservoir.368",0,8439.47016
"reservoir.369",0,16080.87876
"reservoir.37",0,15568.98456
"reservoir.370",1005.3809427557,38392.065
"reservoir.371",0,43480.17
"reservoir.372",0,11621.84856
"reservoir.373",7916.23846825448,530396.4
"reservoir.374",0,270255.468
"reservoir.375",261.371906996275,6919.8228
"reservoir.376",0,17098.49976
"reservoir.377",25657.8352819394,37004.4
"reservoir.378",0,220792.92
"reservoir.379",0,25117.35324
"reservoir.38",0,11577443.28
"reservoir.380",0,86651.97
"reservoir.381",85.8015897623788,46499.72904
"reservoir.382",254.311885173798,96088.092
"reservoir.383",0,983083.56
"reservoir.384",0,24903.9612
"reservoir.385",0,7016.03424
"reservoir.386",0,13252.50912
"reservoir.387",0,154185
"reservoir.388",0,56493.384
"reservoir.389",0,41938.32
"reservoir.39",0,16738.3236
"reservoir.390",0,34537.44
"reservoir.391",0,210030.807
"reservoir.392",0,36881.052
"reservoir.393",0,82889.856
"reservoir.394",62.2761746040936,32810.568
"reservoir.396",0,28567.3968
"reservoir.397",0,111013.2
"reservoir.398",0,562220.184
"reservoir.399",0,8992.0692
"reservoir.4",0,389903.028
"reservoir.40",0,215859
"reservoir.400",0,12334.8
"reservoir.401",0,112962.0984
"reservoir.402",0,20229.072
"reservoir.403",3347.0846072391,78942.72
"reservoir.404",0,46872.24
"reservoir.405",0,14468.7204
"reservoir.406",11964.756,71788.536
"reservoir.407",0,52792.944
"reservoir.408",1346.549,8079.294
"reservoir.409",0,36979.7304
"reservoir.41",0,92511
"reservoir.410",0,9867.84
"reservoir.411",0,34891.44876
"reservoir.412",0,67841.4
"reservoir.413",0,8284.05168
"reservoir.414",0,95693.3784
"reservoir.415",0,141850.2
"reservoir.416",833.119275210798,11853.7428
"reservoir.417",0,14801.76
"reservoir.418",0,49339.2
"reservoir.419",0,14402.11248
"reservoir.42",0,3036827.76
"reservoir.420",0,137533.02
"reservoir.421",0,96636.9906
"reservoir.422",0,40618.4964
"reservoir.423",0,13579.38132
"reservoir.424",6793.00559394844,1759805.916
"reservoir.425",0,7579.7346
"reservoir.426",1161.3193285837,123599.6299
"reservoir.427",0,16684.05048
"reservoir.428",0,12951.54
"reservoir.429",0,20969.16
"reservoir.43",0,7434183.96
"reservoir.430",0,32563.872
"reservoir.431",0,88070.472
"reservoir.432",0,50572.68
"reservoir.433",12156.4223907986,289621.104
"reservoir.434",0,36264.312
"reservoir.435",0,108546.24
"reservoir.436",0,12704.844
"reservoir.437",0,20105.724
"reservoir.438",0,174068.6976
"reservoir.439",52.081155880904,74008.8
"reservoir.44",0,6895.1532
"reservoir.440",0,44405.28
"reservoir.441",17148.3369804731,687295.056
"reservoir.442",0,22609.6884
"reservoir.443",791.626332839771,30220.26
"reservoir.444",0,8634.36
"reservoir.445",0,11101.32
"reservoir.446",0,14912.7732
"reservoir.447",0,439118.88
"reservoir.448",40.0886439978001,36140.964
"reservoir.449",0,12433.4784
"reservoir.45",0,71961.2232
"reservoir.450",0,13580.6148
"reservoir.451",2727.93881539256,44844.39888
"reservoir.452",0,16140.0858
"reservoir.453",0,11043.34644
"reservoir.454",0,42925.104
"reservoir.455",19.2375010932827,12618.5004
"reservoir.456",0,13691.628
"reservoir.457",0,22202.64
"reservoir.458",0,25835.2386
"reservoir.459",0,39471.36
"reservoir.46",0,130748.88
"reservoir.460",0,12507.4872
"reservoir.461",0,12558.05988
"reservoir.462",0,24669.6
"reservoir.463",0,307999.956
"reservoir.464",580.44680839447,62354.88096
"reservoir.465",0,34568.277
"reservoir.466",821.906339238877,98949.7656
"reservoir.467",0,84863.424
"reservoir.468",0,9016.7388
"reservoir.469",0,8592.42168
"reservoir.47",0,508193.76
"reservoir.470",241.134185832613,10657.2672
"reservoir.471",0,15800.8788
"reservoir.472",0,22597.3536
"reservoir.473",441.168278207661,35030.832
"reservoir.474",0,156436.101
"reservoir.475",26.2826358175483,72035.232
"reservoir.476",0,37497.792
"reservoir.477",0,31823.784
"reservoir.478",0,234361.2
"reservoir.479",0,46625.544
"reservoir.48",4266.70508719846,210925.08
"reservoir.480",0,17219.3808
"reservoir.481",0,28370.04
"reservoir.482",0,24977.97
"reservoir.483",0,24186.07584
"reservoir.484",441.386733423808,206681.9088
"reservoir.485",0,46872.24
"reservoir.486",0,249372.6516
"reservoir.487",0,80176.2
"reservoir.488",0,31638.762
"reservoir.489",0,16343.61
"reservoir.49",0,1572687
"reservoir.490",0,12125.1084
"reservoir.491",0,58220.256
"reservoir.492",0,73046.6856
"reservoir.493",0,7894.272
"reservoir.494",0,33920.7
"reservoir.495",0,9682.818
"reservoir.496",0,16503.9624
"reservoir.497",2506.5938591491,60440.52
"reservoir.498",0,19192.9488
"reservoir.5",0,2014766.232
"reservoir.500",45638.76,45638.76
"reservoir.501",20890.21728,20890.21728
"reservoir.502",7.00539151776377,9605.10876
"reservoir.503",0,17268.72
"reservoir.504",0,7357.7082
"reservoir.505",0,234361.2
"reservoir.506",0,41074.884
"reservoir.507",0,10361.232
"reservoir.508",459.064095266508,405814.92
"reservoir.509",0,8264.316
"reservoir.51",0,12088.104
"reservoir.510",1.68038139738152e-15,28318.23384
"reservoir.511",0,143515.398
"reservoir.512",0,40088.1
"reservoir.513",0,8973.567
"reservoir.514",0,18748.896
"reservoir.515",7.44744490883776,1060792.8
"reservoir.516",0,15788.544
"reservoir.517",0,345650.6995
"reservoir.518",6.06202408660967,19007.9268
"reservoir.519",1.55011456534494,7609.33812
"reservoir.52",3567.64319264735,302202.6
"reservoir.520",0,50942.724
"reservoir.521",0,28370.04
"reservoir.522",0,29973.564
"reservoir.523",0,14029.60152
"reservoir.524",0,72935.6724
"reservoir.525",0,11101.32
"reservoir.526",0,413215.8
"reservoir.527",0,44898.672
"reservoir.528",0,85850.208
"reservoir.529",0,54273.12
"reservoir.53",3.45994977322697e-15,25903.08
"reservoir.530",0,34192.0656
"reservoir.531",0,18502.2
"reservoir.532",2025.94197482047,26396.472
"reservoir.533",0,30220.26
"reservoir.534",0,66114.528
"reservoir.535",0,18070.482
"reservoir.536",0,23013.03636
"reservoir.537",0,26297.7936
"reservoir.538",0,11693.3904
"reservoir.539",0,70801.752
"reservoir.54",0,9574.27176
"reservoir.541",650.877994843621,578008.728
"reservoir.542",0,8634.36
"reservoir.543",0,18088.9842
"reservoir.544",0,14481.0552
"reservoir.545",9.79103151921022,45174.97152
"reservoir.546",23100.2858905751,35524.224
"reservoir.547",0,18095.1516
"reservoir.548",0,19118.94
"reservoir.549",65.5811965060608,117797.34
"reservoir.55",0,312070.44
"reservoir.550",0,12914.5356
"reservoir.551",52.8850048540031,6426.4308
"reservoir.552",0,7154.184
"reservoir.553",0,125321.568
"reservoir.554",0,19488.984
"reservoir.555",0,49339.2
"reservoir.556",85146.5203088738,1696035
"reservoir.557",0,26519.82
"reservoir.558",6.43925848315142e-15,12334.8
"reservoir.559",0,2960352
"reservoir.56",0,6414.096
"reservoir.560",0,27087.2208
"reservoir.561",0,12149.778
"reservoir.562",4.01677374789218e-14,13321.584
"reservoir.563",0,12986.07744
"reservoir.564",0,22572.684
"reservoir.565",14.4022133990563,44898.672
"reservoir.566",0,100447.2103
"reservoir.567",0,128281.92
"reservoir.568",4700.33797162278,18502.2
"reservoir.569",0,218942.7
"reservoir.57",0,138149.76
"reservoir.570",0,2811100.92
"reservoir.571",0,15233.478
"reservoir.572",10752.2574027586,81409.68
"reservoir.573",0,8603.523
"reservoir.574",0,24176.208
"reservoir.575",0,647577
"reservoir.576",17.2210030524438,241762.08
"reservoir.577",6.76366217345521e-14,41050.2144
"reservoir.578",0,43171.8
"reservoir.579",5994.6470765934,47982.372
"reservoir.58",16148.9201447396,875770.8
"reservoir.580",0,29295.15
"reservoir.581",0,18008.808
"reservoir.582",0,27247.5732
"reservoir.583",28.0486761356767,73392.06
"reservoir.584",0,88563.864
"reservoir.586",11.5632936567666,11219.73408
"reservoir.587",24792.948,24792.948
"reservoir.588",3.23532304044327e-14,7894.272
"reservoir.589",0,78942.72
"reservoir.59",0,4425726.24
"reservoir.590",0,47020.2576
"reservoir.591",0,37004.4
"reservoir.592",28.9413118943722,28370.04
"reservoir.593",0,84653.7324
"reservoir.594",0,164052.84
"reservoir.595",0,34537.44
"reservoir.596",0,16281.936
"reservoir.597",22752.77208,22752.77208
"reservoir.598",0,31453.74
"reservoir.599",4132.60549528788,17268.72
"reservoir.6",0,112986.768
"reservoir.60",0,6167.4
"reservoir.600",0,34537.44
"reservoir.601",0,71307.4788
"reservoir.602",0,24669.6
"reservoir.603",7.28246166938439,65374.44
"reservoir.604",0,12704.844
"reservoir.605",3512.79650647156,185022
"reservoir.606",3182.06718247941,24422.904
"reservoir.607",0,111013.2
"reservoir.608",0,127418.484
"reservoir.609",0,264889.83
"reservoir.61",0,7154.184
"reservoir.611",0,45731.271
"reservoir.612",0,17207.046
"reservoir.613",0,6596.65104
"reservoir.614",0,119770.908
"reservoir.615",0,12507.4872
"reservoir.616",11.539197026317,36757.704
"reservoir.617",0,11058.1482
"reservoir.618",0,30837
"reservoir.619",0,29850.216
"reservoir.62",0,160352.4
"reservoir.620",1145.96755427733,6969.162
"reservoir.621",0,20969.16
"reservoir.622",0,110889.852
"reservoir.623",16968.6428038793,23436.12
"reservoir.624",31.0340776913088,12334.8
"reservoir.625",0,15665.196
"reservoir.626",6197.08718592232,237321.552
"reservoir.627",0,12951.54
"reservoir.628",0,43418.496
"reservoir.629",0,62290.74
"reservoir.63",0,24669.6
"reservoir.630",0,87330.384
"reservoir.631",2472.51983794683,14431.716
"reservoir.632",0,107251.086
"reservoir.633",0,15023.7864
"reservoir.634",2.22408186734265e-14,12581.496
"reservoir.635",0,573568.2
"reservoir.636",0,42925.104
"reservoir.637",0,27888.9828
"reservoir.638",636.611395112257,21487.2216
"reservoir.639",36941.5277217628,1381497.6
"reservoir.64",0,11212.3332
"reservoir.640",8.076456917155e-15,106696.02
"reservoir.641",0,10607.928
"reservoir.642",0,8140.968
"reservoir.643",0,7563.69936
"reservoir.644",0,189462.528
"reservoir.645",0,88810.56
"reservoir.646",8.20155298820729e-15,15295.152
"reservoir.647",0,205991.16
"reservoir.648",0,16492.86108
"reservoir.649",0,40088.1
"reservoir.65",0,94361.22
"reservoir.650",2740.95592311613,252863.4
"reservoir.651",0,25074.18144
"reservoir.652",9.04562479841358,215410.0133
"reservoir.653",9.44273898839081e-16,69074.88
"reservoir.654",0,16296.73776
"reservoir.655",23.7186315696301,14308.368
"reservoir.656",0,19735.68
"reservoir.657",3.45727345387658e-16,14027.13456
"reservoir.658",24.3098850307074,112246.68
"reservoir.659",0,53039.64
"reservoir.66",4.40545342262764,9251.1
"reservoir.660",0,11241.93672
"reservoir.661",30.3598484091265,7635.2412
"reservoir.662",0,55393.11984
"reservoir.663",0,20105.724
"reservoir.664",47.2128660884967,12458.148
"reservoir.665",0,18502.2
"reservoir.666",234361.2,234361.2
"reservoir.667",6.74525463311388,149621.124
"reservoir.668",0,14185.02
"reservoir.669",0,1677532.8
"reservoir.67",0,43171.8
"reservoir.670",0,13568.28
"reservoir.671",0,11471.364
"reservoir.672",0,70111.0032
"reservoir.673",0,706784.04
"reservoir.674",0,23880.1728
"reservoir.675",0,27136.56
"reservoir.676",0,40704.84
"reservoir.677",0,7025.90208
"reservoir.678",54889.86,54889.86
"reservoir.679",0,14801.76
"reservoir.68",0,32563.872
"reservoir.680",0,7400.88
"reservoir.681",0,41444.928
"reservoir.682",0,371092.458
"reservoir.683",866.578088438915,33303.96
"reservoir.684",0,19488.984
"reservoir.686",0,10583.2584
"reservoir.687",30871.2339983773,85110.12
"reservoir.688",97.3001211379211,24546.252
"reservoir.689",0,17022.024
"reservoir.69",0,13938.324
"reservoir.690",377444.88,377444.88
"reservoir.691",0,53286.336
"reservoir.692",0,26519.82
"reservoir.693",12748.7783880634,16935.6804
"reservoir.694",0,11594.712
"reservoir.695",0,53656.38
"reservoir.696",101.915549760413,151471.344
"reservoir.697",0,191189.4
"reservoir.698",4.87092043763644,58248.62604
"reservoir.699",0,6435.06516
"reservoir.7",0,13296.9144
"reservoir.70",0,7400.88
"reservoir.700",0,46872.24
"reservoir.701",0,29603.52
"reservoir.702",0,7955.946
"reservoir.703",0,91277.52
"reservoir.704",0,171453.72
"reservoir.705",4278.73326607806,304669.56
"reservoir.706",1.05795597522317e-13,20031.7152
"reservoir.707",253172.421339199,289851.7648
"reservoir.708",0,25286.34
"reservoir.709",0,11471.364
"reservoir.71",0,9559.47
"reservoir.710",393.925742087699,14801.76
"reservoir.711",9251.1,9251.1
"reservoir.712",0,24422.904
"reservoir.713",0,70185.012
"reservoir.714",0,19735.68
"reservoir.715",0,13568.28
"reservoir.716",55136.556,55136.556
"reservoir.717",0,94607.916
"reservoir.718",0,101145.36
"reservoir.72",0,610572.6
"reservoir.720",0,57603.516
"reservoir.721",0,107929.5
"reservoir.722",0,45885.456
"reservoir.723",0,273832.56
"reservoir.724",0,168986.76
"reservoir.725",0,7067.8404
"reservoir.726",0,33612.33
"reservoir.727",0,25977.0888
"reservoir.728",5484.67645695975,7820.2632
"reservoir.729",0,20969.16
"reservoir.73",0,80311.8828
"reservoir.730",0,208458.12
"reservoir.731",3801.91223789269,8511.012
"reservoir.732",24.8460609891193,125814.96
"reservoir.734",0,621057.18
"reservoir.735",0,296035.2
"reservoir.736",79.5769486117139,69814.968
"reservoir.737",0,29726.868
"reservoir.738",0,8387.664
"reservoir.739",0,1077444.78
"reservoir.74",0,12581.496
"reservoir.740",0,88070.472
"reservoir.741",9403.4372856774,314981.4528
"reservoir.742",0,20969.16
"reservoir.743",0,88563.864
"reservoir.744",0,22819.38
"reservoir.745",0,8511.012
"reservoir.746",0,19735.68
"reservoir.747",0,7191.1884
"reservoir.748",0,80299.548
"reservoir.749",78.0408045472378,83753.292
"reservoir.75",267.707617455004,37004.4
"reservoir.750",0,9991.188
"reservoir.751",3012.92693660233,775858.92
"reservoir.752",5324.89032916658,18502.2
"reservoir.753",3067.10141595933,282466.92
"reservoir.754",0,1161617.455
"reservoir.755",0,9177.0912
"reservoir.756",0,41321.58
"reservoir.757",28986.8701550705,41074.884
"reservoir.758",0,431718
"reservoir.759",0,119030.82
"reservoir.76",0,300969.12
"reservoir.760",0,64585.0128
"reservoir.761",16651.2070492957,16651.98
"reservoir.762",0,151718.04
"reservoir.763",0,87577.08
"reservoir.764",0,14172.6852
"reservoir.765",8202.642,8202.642
"reservoir.766",0,67841.4
"reservoir.767",81.5095007494968,64264.308
"reservoir.768",0,26396.472
"reservoir.769",5825.1041083654,43171.8
"reservoir.77",0,90044.04
"reservoir.770",0,21585.9
"reservoir.771",931.572894895673,40729.5096
"reservoir.772",4198.69332301533,27975.3264
"reservoir.773",0,15268.01544
"reservoir.774",125.369099274585,11088.9852
"reservoir.775",0,62907.48
"reservoir.776",77.067225048982,14061.672
"reservoir.777",0,19735.68
"reservoir.778",210094.734582849,236211.42
"reservoir.779",6579.38232,6579.38232
"reservoir.78",95144.6113686761,278766.48
"reservoir.780",1170545.80688307,28740084
"reservoir.781",0,123964.74
"reservoir.782",0,20969.16
"reservoir.783",0,11101.32
"reservoir.785",0,17638.764
"reservoir.786",0,308370
"reservoir.787",3150.39038565634,12781.31976
"reservoir.788",398.180603501608,80176.2
"reservoir.789",0,12334.8
"reservoir.79",0,2941849.8
"reservoir.790",0,1560352.2
"reservoir.791",0,1603524
"reservoir.792",0,135682.8
"reservoir.793",0,49092.504
"reservoir.794",0,1082995.44
"reservoir.795",207.463648477842,20969.16
"reservoir.796",4448.87690898405,19982.376
"reservoir.797",511.091031314334,12334.8
"reservoir.798",0,79230.12084
"reservoir.8",0,199170.0156
"reservoir.80",268.0218553538,117180.6
"reservoir.800",0,698149.68
"reservoir.801",0,17022.024
"reservoir.803",0,10237.884
"reservoir.804",55.4211508062917,58713.648
"reservoir.805",0,39964.752
"reservoir.806",0,73022.016
"reservoir.807",0,7400.88
"reservoir.808",1397.14095693537,19340.9664
"reservoir.809",0,31453.74
"reservoir.81",0,164052.84
"reservoir.810",0,46872.24
"reservoir.811",0,39718.056
"reservoir.812",13568.28,13568.28
"reservoir.813",0,30528.63
"reservoir.814",0,132544.8269
"reservoir.815",857.234620821706,31440.17172
"reservoir.816",0.241216252751677,69168.62448
"reservoir.817",1250.7475027617,27506.604
"reservoir.818",2149.50712286398,141850.2
"reservoir.819",0,15295.152
"reservoir.82",6002.83582633067,49141.8432
"reservoir.820",0,43171.8
"reservoir.821",0,52299.552
"reservoir.822",0,93249.85452
"reservoir.823",0,74008.8
"reservoir.824",0,106079.28
"reservoir.825",0,88810.56
"reservoir.826",0,19118.94
"reservoir.827",3066.74941678554,22819.38
"reservoir.828",0,131488.968
"reservoir.829",0,1747841.16
"reservoir.83",373.803141016088,12680.1744
"reservoir.830",2.07028738531979e-13,22819.38
"reservoir.831",322.360822771552,12704.844
"reservoir.832",0,674836.908
"reservoir.833",0,42555.06
"reservoir.834",7846.95914840838,33057.264
"reservoir.835",0,30343.608
"reservoir.836",408.963580663641,27189.59964
"reservoir.837",0,86343.6
"reservoir.838",0,9732.1572
"reservoir.839",322.035071719998,15418.5
"reservoir.84",475.744354663378,41938.32
"reservoir.840",2337.51571188178,83259.9
"reservoir.841",42.4260137291165,23460.7896
"reservoir.842",0,9251.1
"reservoir.843",0,48845.808
"reservoir.844",276.24322503132,8517.1794
"reservoir.845",0,15541.848
"reservoir.846",7.92441387835611,16993.65396
"reservoir.847",0,16651.98
"reservoir.848",1306948.00115044,2318942.4
"reservoir.849",97.2816610152381,37083.34272
"reservoir.85",203.828396993635,15726.87
"reservoir.850",0,69814.968
"reservoir.851",0,50697.26148
"reservoir.852",0,203339.178
"reservoir.853",2.09024220933778e-13,14061.672
"reservoir.854",0,120510.996
"reservoir.855",0,49339.2
"reservoir.856",0,15800.8788
"reservoir.857",0,247621.11
"reservoir.858",0,21807.9264
"reservoir.859",22878.58704,22878.58704
"reservoir.86",4.0965822027664e-13,1919169.065
"reservoir.860",0,10731.276
"reservoir.861",0,384414.042
"reservoir.862",0,15603.522
"reservoir.863",0,41617.6152
"reservoir.864",234.771564047522,9867.84
"reservoir.865",19.9406741496036,71973.558
"reservoir.866",29146.9147290577,1816916.04
"reservoir.867",0,46255.5
"reservoir.868",0,12001.7604
"reservoir.869",0,11462.72964
"reservoir.87",0,122114.52
"reservoir.870",0,165936.364
"reservoir.871",24909.8501815812,64140.96
"reservoir.872",0,19242.288
"reservoir.873",0,14555.064
"reservoir.874",4.85576225052059,11875.94544
"reservoir.875",0,129515.4
"reservoir.876",0,505726.8
"reservoir.877",0,16614.9756
"reservoir.878",0,152828.172
"reservoir.88",0,227199.6151
"reservoir.880",1.90894930713181e-13,123348
"reservoir.881",0,226220.232
"reservoir.882",0,217092.48
"reservoir.883",0,49992.9444
"reservoir.884",0,2063118.648
"reservoir.885",9.09835716677785,8243.34684
"reservoir.886",6311.02082954936,188105.7
"reservoir.887",0,49992.9444
"reservoir.888",3.31197396746187e-14,29227.3086
"reservoir.889",0,272599.08
"reservoir.89",0,2114924.808
"reservoir.891",1928.6256971953,31700.436
"reservoir.892",5633.9199,13521.40776
"reservoir.893",0,44281.932
"reservoir.894",0,15564.05064
"reservoir.895",0.352145133428425,45515.412
"reservoir.896",0,9251.1
"reservoir.897",3926.95363824144,15073.1256
"reservoir.898",0,12088.104
"reservoir.899",50.9389463109328,123348
"reservoir.9",0,49339.2
"reservoir.90",2083.92957319446,10255.15272
"reservoir.900",954.652126969473,752102.0952
"reservoir.901",0,50634.354
"reservoir.902",0,44405.28
"reservoir.903",904.328440099286,632158.5
"reservoir.904",2710.82141299162,17515.416
"reservoir.905",24157.7058,24157.7058
"reservoir.906",0,27136.56
"reservoir.907",0,91277.52
"reservoir.908",0,17197.17816
"reservoir.909",7934.63059012739,9522.4656
"reservoir.91",11026.1622377734,58960.344
"reservoir.910",0,51806.16
"reservoir.911",7726.54789217985,39625.545
"reservoir.912",0,20562.1116
"reservoir.913",3152.415285453,10484.58
"reservoir.914",0,36881.052
"reservoir.915",278.125966953193,9867.84
"reservoir.916",493.409409476705,555066
"reservoir.917",0,7490.92404
"reservoir.918",0,11101.32
"reservoir.919",2.11105861836315e-13,36634.356
"reservoir.92",0,61674
"reservoir.920",0,8494.97676
"reservoir.921",0,243488.952
"reservoir.922",0,64585.0128
"reservoir.923",1372.43785541813,19667.8386
"reservoir.924",0,13321.584
"reservoir.925",6784.14,6784.14
"reservoir.926",0.371041107055318,13338.85272
"reservoir.927",986.073599051807,9793.8312
"reservoir.928",0,3405638.28
"reservoir.929",664.162342519888,203524.2
"reservoir.93",5393.66843464701,14061.672
"reservoir.930",0,33303.96
"reservoir.931",10740.6456205188,37004.4
"reservoir.932",21462.552,21462.552
"reservoir.933",0,75612.324
"reservoir.934",0,175154.16
"reservoir.935",20105.724,20105.724
"reservoir.936",10.114813539119,8807.0472
"reservoir.937",90947.2357961638,284502.162
"reservoir.938",0,34167.396
"reservoir.939",0,23066.076
"reservoir.94",21.8192076781297,9867.84
"reservoir.940",8176.02028624802,46625.544
"reservoir.941",14609.9931175064,230784.108
"reservoir.942",0,182555.04
"reservoir.943",7795.23977825259,17662.20012
"reservoir.944",47.4822564663229,43541.844
"reservoir.946",0,8807.0472
"reservoir.947",0,67841.4
"reservoir.948",3567.38446437063,10274.8884
"reservoir.949",0,238308.336
"reservoir.95",0,39064.3116
"reservoir.950",0.0522586007299813,15234.71148
"reservoir.951",0,5750483.76
"reservoir.952",3067.39651048094,9867.84
"reservoir.953",0,192601.7346
"reservoir.954",295.663660469064,15911.892
"reservoir.955",0,20349.95304
"reservoir.956",0,65991.18
"reservoir.957",0,91717.87236
"reservoir.958",0,10977.972
"reservoir.959",1.81998665650833e-14,55069.94808
"reservoir.96",35.6529756322729,105339.192
"reservoir.960",1.54690555361854e-13,182555.04
"reservoir.961",0,71911.884
"reservoir.962",731.133345381782,14801.76
"reservoir.963",0,8992.0692
"reservoir.964",0,16405.284
"reservoir.965",0,7889.33808
"reservoir.966",976.031111495646,8745.3732
"reservoir.967",0,43171.8
"reservoir.968",431.046290473432,9091.98108
"reservoir.969",5.77154344086849e-13,340440.48
"reservoir.97",409.153342077265,27136.56
"reservoir.970",0,41013.21
"reservoir.971",0,21129.5124
"reservoir.972",0,9559.47
"reservoir.973",0,30960.348
"reservoir.974",0,205991.16
"reservoir.975",0,23436.12
"reservoir.976",0,9909.77832
"reservoir.977",22572.684,22572.684
"reservoir.978",0,52176.204
"reservoir.979",0,19920.702
"reservoir.98",0,9374.448
"reservoir.980",0,18502.2
"reservoir.981",0,123348
"reservoir.982",0,42801.756
"reservoir.983",0,27753.3
"reservoir.984",0,333039.6
"reservoir.985",0,10484.58
"reservoir.986",0,61377.9648
"reservoir.987",0,8634.36
"reservoir.988",1248.06876896102,12912.06864
"reservoir.99",30.8429712142066,9867.84
"reservoir.990",0,176634.336
"reservoir.991",0,167753.28
"reservoir.992",0,31453.74
"reservoir.993",0,98678.4
"reservoir.994",0,44405.28
"reservoir.995",0,82643.16
"reservoir.996",0,51806.16
"reservoir.997",0,11964.756
"reservoir.998",0,15955.0638
"reservoir.999",2466.78037908486,10237.884
"usgsres.3170500",0,663.61224
"usgsres.5113750",0,1480.176
"usgsres.6886900",0,2988722.04
"usgsres.7233550",0,75242.28
"usgsres.7332610",0,13617.6192
"usgsres.7342495",0,373329.9907
"usgsres.7343460",0,21893.03652
"usgsres.7344488",0,45057.79092
"usgsres.8025350",0,11045918.246
"usgsres.8051100",0,973286.0284
"usgsres.8064550",0,1390595.748
"usgsres.8072500",0,9214.0956
"usgsres.8073000",0,23619.909
"usgsres.8079700",0,116930.2036
"usgsres.8092500",0,683594.616
"usgsres.8095550",0,244723.6655
"usgsres.8118000",0,157515.396
"usgsres.8123000",0,37965.28092
"usgsres.8123755",0,5044.9332
"usgsres.8123950",0,61390.2996
"usgsres.8131200",0,274794.6744
"usgsres.8134500",0,143075.0456
"usgsres.8136600",0,146907.468
"usgsres.8180010",0,0
"usgsres.8202800",0,0
"usgsres.9125800",0,7931.2764
"usgsres.9129550",0,8239.6464
"usgsres.9143600",0,1171.806
"usgsres.9147022",0,76636.1124
