"fips","spring","winter"
13133,0,1
13135,0,1
13137,0,1
13139,0,1
13141,0,1
13143,0,1
13145,0,1
13147,0,1
13149,0,1
13151,0,1
13153,0,1
13155,0,1
13157,0,1
13159,0,1
13161,0,1
13163,0,1
13165,0,1
13167,0,1
13169,0,1
13171,0,1
13173,0,1
13175,0,1
13177,0,1
13179,0,1
13181,0,1
13183,0,1
1001,0,1
1003,0,1
1005,0,1
1007,0,1
1009,0,1
1011,0,1
1013,0,1
1015,0,1
1017,0,1
1019,0,1
1021,0,1
1023,0,1
1025,0,1
1027,0,1
1029,0,1
1031,0,1
1033,0,1
1035,0,1
1037,0,1
1039,0,1
1041,0,1
1043,0,1
1045,0,1
1047,0,1
1049,0,1
1051,0,1
1053,0,1
1055,0,1
1057,0,1
1059,0,1
1061,0,1
1063,0,1
1065,0,1
1067,0,1
1069,0,1
1071,0,1
1073,0,1
1075,0,1
1077,0,1
1079,0,1
1081,0,1
1083,0,1
1085,0,1
1087,0,1
1089,0,1
1091,0,1
1093,0,1
1095,0,1
1097,0,1
1099,0,1
1101,0,1
1103,0,1
1105,0,1
1107,0,1
1109,0,1
1111,0,1
1113,0,1
1115,0,1
1117,0,1
1119,0,1
1121,0,1
1123,0,1
1125,0,1
1127,0,1
1129,0,1
1131,0,1
1133,0,1
4001,0,1
4003,1,0
4005,0,1
4007,0,1
4009,0.5,0.5
4011,1,0
4012,0.811640610284423,0.188359389715577
4013,0.961519417132348,0.0384805828676523
4015,0,1
4017,0,1
4019,0.5,0.5
4021,0.5,0.5
4023,0,1
4025,0.5,0.5
4027,0.972436982478613,0.0275630175213871
5001,0,1
5003,0,1
5005,0,1
5007,0,1
5009,0,1
5011,0,1
5013,0,1
5015,0,1
5017,0,1
5019,0,1
5021,0,1
5023,0,1
5025,0,1
5027,0,1
5029,0,1
5031,0,1
5033,0,1
5035,0,1
5037,0,1
5039,0,1
5041,0,1
5043,0,1
5045,0,1
5047,0,1
5049,0,1
5051,0,1
5053,0,1
5055,0,1
5057,0,1
5059,0,1
5061,0,1
5063,0,1
5065,0,1
5067,0,1
5069,0,1
5071,0,1
5073,0,1
5075,0,1
5077,0,1
5079,0,1
5081,0,1
5083,0,1
5085,0,1
5087,0,1
5089,0,1
5091,0,1
5093,0,1
5095,0,1
5097,0,1
5099,0,1
5101,0,1
5103,0,1
5105,0,1
5107,0,1
5109,0,1
5111,0,1
5113,0,1
5115,0,1
5117,0,1
5119,0,1
5121,0,1
5123,0,1
5125,0,1
5127,0,1
5129,0,1
5131,0,1
5133,0,1
5135,0,1
5137,0,1
5139,0,1
5141,0,1
5143,0,1
5145,0,1
5147,0,1
5149,0,1
6001,0,1
6003,0,1
6005,0,1
6007,0,1
6009,0,1
6011,0,1
6013,0,1
6015,0,1
6017,0,1
6019,0.42754161178302,0.57245838821698
6021,0,1
6023,0,1
6025,0.991987960745247,0.00801203925475317
6027,0,1
6029,0.0604743286346332,0.939525671365367
6031,0.316609983311857,0.683390016688143
6033,0,1
6035,0.5,0.5
6037,0,1
6039,0.0564361361859407,0.943563863814059
6041,0,1
6043,0,1
6045,0,1
6047,0.000161576991436419,0.999838423008564
6049,0.486048365665692,0.513951634334308
6051,0,1
6053,0.5,0.5
6055,0,1
6057,0,1
6059,0,1
6061,0,1
6063,0,1
6065,0.619124797406807,0.380875202593193
6067,0,1
6069,0,1
6071,0.5,0.5
6073,0,1
6075,0,1
6077,0.0272506082725061,0.972749391727494
6079,0.666666666666667,0.333333333333333
6081,0,1
6083,0,1
6085,0,1
6087,0,1
6089,0.5,0.5
6091,1,0
6093,0.292098714226462,0.707901285773538
6095,0.5,0.5
6097,0,1
6099,0.5,0.5
6101,0.000178141979157388,0.999821858020843
6103,0,1
6105,0,1
6107,0.0794605607839333,0.920539439216067
6109,0,1
6111,0,1
6113,0.0195690847993675,0.980430915200633
6115,0,1
8001,0.00152408814231114,0.998475911857689
8003,0.5,0.5
8005,0.5,0.5
8007,0,1
8009,0,1
8011,0,1
8013,0.5,0.5
8015,0,1
8017,0.5,0.5
8019,0,1
8021,0.666666666666667,0.333333333333333
8023,0.5,0.5
8025,0,1
8027,0,1
8029,0.5,0.5
8031,0,1
8033,0.0247745609871856,0.975225439012814
8035,0.5,0.5
8037,0,1
8041,0,1
8039,0.5,0.5
8043,0,1
8045,0,1
8047,0,1
8049,0,1
8051,0,1
8053,0,1
8055,0,1
8057,0,1
8059,0,1
8061,0,1
8063,0,1
8067,0,1
8065,0,1
8069,0.0593068953197571,0.940693104680243
8071,0,1
8073,0,1
8075,0,1
8077,0.5,0.5
8079,0,1
8081,0.0416920003474333,0.958307999652567
8083,0.5,0.5
8085,0.5,0.5
8087,0.5,0.5
8089,0,1
8091,0,1
8093,0,1
8095,0.00220047898798436,0.997799521012016
8097,0,1
8099,0.666666666666667,0.333333333333333
8101,0,1
8103,0,1
8105,1,0
8107,0.5,0.5
8109,0.5,0.5
8111,0,1
8113,0,1
8115,0,1
8117,0,1
8119,0,1
8121,0.5,0.5
8123,0.00775278564477152,0.992247214355228
8125,0.5,0.5
9001,0,1
9003,0,1
9005,0,1
9007,0,1
9009,0,1
9011,0,1
9013,0,1
9015,0,1
10001,0,1
10003,0,1
10005,0,1
11001,0,1
12001,0,1
12003,0,1
12005,0,1
12007,0,1
12009,0,1
12011,0,1
12013,0,1
12015,0,1
12017,0,1
12019,0,1
12021,0,1
12023,0,1
12027,0,1
12029,0,1
12031,0,1
12033,0,1
12035,0,1
12037,0,1
12039,0,1
12041,0,1
12043,0,1
12045,0,1
12047,0,1
12049,0,1
12051,0,1
12053,0,1
12055,0,1
12057,0,1
12059,0,1
12061,0,1
12063,0,1
12065,0,1
12067,0,1
12069,0,1
12071,0,1
12073,0,1
12075,0,1
12077,0,1
12079,0,1
12081,0,1
12083,0,1
12085,0,1
12089,0,1
12091,0,1
12093,0,1
12095,0,1
12097,0,1
12099,0,1
12101,0,1
12103,0,1
12105,0,1
12107,0,1
12109,0,1
12111,0,1
12113,0,1
12115,0,1
12117,0,1
12119,0,1
12121,0,1
12123,0,1
12125,0,1
12127,0,1
12129,0,1
12131,0,1
12133,0,1
13001,0,1
13003,0,1
13005,0,1
13007,0,1
13009,0,1
13011,0,1
13013,0,1
13015,0,1
13017,0,1
13019,0,1
13021,0,1
13023,0,1
13025,0,1
13027,0,1
13029,0,1
13031,0,1
13033,0,1
13035,0,1
13037,0,1
13039,0,1
13043,0,1
13045,0,1
13047,0,1
13049,0,1
13051,0,1
13053,0,1
13055,0,1
13057,0,1
13059,0,1
13061,0,1
13063,0,1
13065,0,1
13067,0,1
13069,0,1
13071,0,1
13073,0,1
13075,0,1
13077,0,1
13079,0,1
13081,0,1
13083,0,1
13085,0,1
13087,0,1
13089,0,1
13091,0,1
13093,0,1
13095,0,1
13097,0,1
13099,0,1
13101,0,1
13103,0,1
13105,0,1
13107,0,1
13109,0,1
13111,0,1
13113,0,1
13115,0,1
13117,0,1
13119,0,1
13121,0,1
13123,0,1
13125,0,1
13127,0,1
13129,0,1
13131,0,1
13185,0,1
13187,0,1
13193,0,1
13195,0,1
13197,0,1
13189,0,1
13191,0,1
13199,0,1
13201,0,1
13205,0,1
13207,0,1
13209,0,1
13211,0,1
13213,0,1
13215,0,1
13217,0,1
13219,0,1
13221,0,1
13223,0,1
13225,0,1
13227,0,1
13229,0,1
13231,0,1
13233,0,1
13235,0,1
13237,0,1
13239,0,1
13241,0,1
13243,0,1
13245,0,1
13247,0,1
13249,0,1
13251,0,1
13253,0,1
13255,0,1
13257,0,1
13259,0,1
13261,0,1
13263,0,1
13265,0,1
13267,0,1
13269,0,1
13271,0,1
13273,0,1
13275,0,1
13277,0,1
13279,0,1
13281,0,1
13283,0,1
13285,0,1
13287,0,1
13289,0,1
13291,0,1
13293,0,1
13295,0,1
13297,0,1
13299,0,1
13301,0,1
13303,0,1
13305,0,1
13307,0,1
13309,0,1
13311,0,1
13313,0,1
13315,0,1
13317,0,1
13319,0,1
13321,0,1
16001,0.334215751158173,0.665784248841827
16003,0,1
16005,0.695342671990574,0.304657328009426
16007,0.943637595003386,0.0563624049966137
16009,0.387861834103624,0.612138165896376
16011,0.435239619155388,0.564760380844612
16013,1,0
16015,0,1
16017,1,0
16019,0.999979183146676,2.08168533244515e-05
16021,0.435231251151649,0.564768748848351
16023,0.5,0.5
16025,1,0
16027,0.161625460284061,0.838374539715939
16029,0.999956022692291,4.3977307709222e-05
16031,0.277110624168716,0.722889375831284
16033,1,0
16035,0.277117973079968,0.722882026920032
16037,1,0
16039,0.589171974522293,0.410828025477707
16041,0.0408884401817264,0.959111559818274
16043,0.5,0.5
16045,0.5,0.5
16047,0.304500478774338,0.695499521225662
16049,0.22414570880794,0.77585429119206
16051,0.99995398490705,4.60150929504878e-05
16053,0.000322788896061975,0.999677211103938
16055,0.354675439706441,0.645324560293559
16057,0.242026870628491,0.757973129371509
16059,0,1
16061,0.275680697296337,0.724319302703663
16063,0.999764705882353,0.000235294117647059
16065,0.999967910663287,3.20893367134101e-05
16067,0.665649421025612,0.334350578974388
16069,0.203939463955638,0.796060536044362
16071,0.999968543567159,3.14564328405159e-05
16073,0.236560829927696,0.763439170072304
16075,0.109882964889467,0.890117035110533
16077,0.505006612507085,0.494993387492915
16079,0,1
16081,0.856946354883081,0.143053645116919
16083,0.121559722820342,0.878440277179658
16085,0,1
16087,0.0883702635374328,0.911629736462567
17001,0,1
17003,0,1
17005,0,1
17007,0,1
17009,0,1
17011,0,1
17013,0,1
17015,0,1
17017,0,1
17019,0,1
17021,0,1
17023,0,1
17025,0,1
17027,0,1
17029,0,1
17031,0,1
17033,0,1
17035,0,1
17037,0,1
17039,0,1
17041,0,1
17043,0,1
17045,0,1
17047,0,1
17049,0,1
17051,0,1
17053,0,1
17055,0,1
17057,0,1
17059,0,1
17061,0,1
17063,0,1
17065,0,1
17067,0,1
17069,0,1
17071,0,1
17073,0,1
17075,0,1
17077,0,1
17079,0,1
17081,0,1
17083,0,1
17085,0,1
17087,0,1
17089,0,1
17091,0,1
17093,0,1
17095,0,1
17099,0,1
17097,0,1
17101,0,1
17103,0,1
17105,0,1
17107,0,1
17115,0,1
17117,0,1
17119,0,1
17121,0,1
17123,0,1
17125,0,1
17127,0,1
17109,0,1
17111,0,1
17113,0,1
17129,0,1
17131,0,1
17133,0,1
17135,0,1
17137,0,1
17139,0,1
17141,0,1
17143,0,1
17145,0,1
17147,0,1
17149,0,1
17151,0,1
17153,0,1
17155,0,1
17157,0,1
17159,0,1
17161,0,1
17163,0,1
17165,0,1
17167,0,1
17169,0,1
17171,0,1
17173,0,1
17175,0,1
17177,0,1
17179,0,1
17181,0,1
17183,0,1
17185,0,1
17187,0,1
17189,0,1
17191,0,1
17193,0,1
17195,0,1
17197,0,1
17199,0,1
17201,0,1
17203,0,1
18001,0,1
18003,0,1
18005,0,1
18007,0,1
18009,0,1
18011,0,1
18013,0,1
18015,0,1
18017,0,1
18019,0,1
18021,0,1
18023,0,1
18025,0,1
18027,0,1
18033,0,1
18029,0,1
18031,0,1
18035,0,1
18037,0,1
18039,0,1
18041,0,1
18043,0,1
18045,0,1
18047,0,1
18049,0,1
18051,0,1
18053,0,1
18055,0,1
18057,0,1
18059,0,1
18061,0,1
18063,0,1
18065,0,1
18067,0,1
18069,0,1
18071,0,1
18073,0,1
18075,0,1
18077,0,1
18079,0,1
18081,0,1
18083,0,1
18085,0,1
18087,0,1
18089,0,1
18091,0,1
18093,0,1
18095,0,1
18097,0,1
18099,0,1
18101,0,1
18103,0,1
18105,0,1
18107,0,1
18109,0,1
18111,0,1
18113,0,1
18115,0,1
18117,0,1
18119,0,1
18121,0,1
18123,0,1
18125,0,1
18127,0,1
18129,0,1
18131,0,1
18133,0,1
18135,0,1
18137,0,1
18139,0,1
18141,0,1
18143,0,1
18145,0,1
18147,0,1
18149,0,1
18151,0,1
18153,0,1
18155,0,1
18157,0,1
18159,0,1
18161,0,1
18163,0,1
18165,0,1
18167,0,1
18169,0,1
18171,0,1
18173,0,1
18175,0,1
18177,0,1
18179,0,1
18181,0,1
18183,0,1
19001,0,1
19003,0,1
19005,0,1
19007,0,1
19009,0,1
19011,0.5,0.5
19013,0,1
19015,0,1
19017,0,1
19019,0,1
19021,0,1
19023,0,1
19025,0,1
19027,0,1
19029,0,1
19031,0,1
19033,0,1
19035,0,1
19037,0,1
19039,0,1
19041,0,1
19043,0,1
19045,0,1
19047,0,1
19049,0,1
19051,0,1
19053,0,1
19055,0,1
19057,0,1
19059,0,1
19061,0,1
19063,0,1
19065,0,1
19067,0,1
19069,1,0
19071,0,1
19073,0.5,0.5
19075,0,1
19077,0,1
19079,0,1
19081,0,1
19083,0,1
19085,0,1
19087,0,1
19089,0,1
19091,0,1
19093,0,1
19095,0,1
19097,0,1
19099,0,1
19101,0,1
19103,0,1
19105,0,1
19107,0,1
19109,0,1
19111,0,1
19113,0,1
19115,0.5,0.5
19117,0,1
19119,0,1
19121,0,1
19123,0,1
19125,0,1
19127,0,1
19129,0,1
19131,0,1
19133,0,1
19135,0,1
19137,0,1
19139,0,1
19141,0,1
19143,0,1
19145,0,1
19147,0,1
19149,0,1
19151,0,1
19153,0,1
19155,0,1
19157,0,1
19159,0,1
19161,0,1
19163,0,1
19165,0,1
19167,0.5,0.5
19169,0,1
19171,0,1
19173,0,1
19175,0,1
19177,0,1
19179,0,1
19181,0,1
19183,0,1
19185,0.5,0.5
19187,0,1
19189,0,1
19191,0,1
19193,0,1
19195,0,1
19197,0,1
20001,0,1
20003,0,1
20005,0,1
20007,0,1
20009,0,1
20011,0,1
20013,0,1
20015,0,1
20017,0,1
20019,0,1
20021,0,1
20023,0,1
20025,0,1
20027,0,1
20029,0,1
20031,0,1
20033,0,1
20035,0,1
20037,0,1
20039,0,1
20041,0,1
20043,0,1
20045,0,1
20047,0,1
20049,0,1
20051,0,1
20053,0,1
20055,0,1
20057,0,1
20059,0,1
20061,0,1
20063,0,1
20065,0,1
20067,0,1
20069,0,1
20071,0,1
20073,0,1
20075,0,1
20077,0,1
20079,0,1
20081,0,1
20083,0,1
20085,0,1
20087,0,1
20089,0,1
20091,0,1
20093,0,1
20095,0,1
20097,0,1
20099,0,1
20101,0,1
20103,0,1
20105,0,1
20107,0,1
20109,0,1
20111,0,1
20115,0,1
20117,0,1
20113,0,1
20119,0,1
20121,0,1
20123,0,1
20125,0,1
20127,0,1
20129,0,1
20131,0,1
20133,0,1
20135,0,1
20137,0,1
20139,0,1
20141,0,1
20143,0,1
20145,0,1
20147,0,1
20149,0,1
20151,0,1
20153,0,1
20155,0,1
20157,0,1
20159,0,1
20161,0,1
20163,0,1
20165,0,1
20167,0,1
20169,0,1
20171,0,1
20173,0,1
20175,0,1
20177,0,1
20179,0,1
20181,0,1
20183,0,1
20185,0,1
20187,0,1
20189,0,1
20191,0,1
20193,0,1
20195,0,1
20197,0,1
20199,0,1
20201,0,1
20203,0,1
20205,0,1
20207,0,1
20209,0,1
21001,0,1
21003,0,1
21005,0,1
21007,0,1
21009,0,1
21011,0,1
21013,0,1
21015,0,1
21017,0,1
21019,0,1
21021,0,1
21023,0,1
21025,0,1
21027,0,1
21029,0,1
21031,0,1
21033,0,1
21035,0,1
21037,0,1
21039,0,1
21041,0,1
21043,0,1
21045,0,1
21047,0,1
21049,0,1
21051,0,1
21053,0,1
21055,0,1
21057,0,1
21059,0,1
21061,0,1
21063,0,1
21065,0,1
21067,0,1
21069,0,1
21071,0,1
21073,0,1
21075,0,1
21077,0,1
21079,0,1
21081,0,1
21083,0,1
21085,0,1
21087,0,1
21089,0,1
21091,0,1
21093,0,1
21095,0,1
21097,0,1
21099,0,1
21101,0,1
21103,0,1
21105,0,1
21107,0,1
21109,0,1
21111,0,1
21113,0,1
21115,0,1
21117,0,1
21119,0,1
21121,0,1
21123,0,1
21125,0,1
21127,0,1
21129,0,1
21131,0,1
21133,0,1
21135,0,1
21137,0,1
21139,0,1
21141,0,1
21143,0,1
21151,0,1
21153,0,1
21155,0,1
21157,0,1
21159,0,1
21161,0,1
21145,0,1
21147,0,1
21149,0,1
21163,0,1
21165,0,1
21167,0,1
21169,0,1
21171,0,1
21173,0,1
21175,0,1
21177,0,1
21179,0,1
21181,0,1
21183,0,1
21185,0,1
21187,0,1
21189,0,1
21191,0,1
21193,0,1
21195,0,1
21197,0,1
21199,0,1
21201,0,1
21203,0,1
21205,0,1
21207,0,1
21209,0,1
21211,0,1
21213,0,1
21215,0,1
21217,0,1
21219,0,1
21221,0,1
21223,0,1
21225,0,1
21227,0,1
21229,0,1
21231,0,1
21233,0,1
21235,0,1
21237,0,1
21239,0,1
22001,0,1
22003,0,1
22005,0,1
22007,0,1
22009,0,1
22011,0,1
22013,0,1
22015,0,1
22017,0,1
22019,0,1
22021,0,1
22025,0,1
22027,0,1
22029,0,1
22031,0,1
22033,0,1
22035,0,1
22037,0,1
22039,0,1
22041,0,1
22043,0,1
22045,0,1
22047,0,1
22049,0,1
22053,0,1
22051,0,1
22059,0,1
22055,0,1
22057,0,1
22061,0,1
22063,0,1
22065,0,1
22067,0,1
22069,0,1
22071,0,1
22073,0,1
22077,0,1
22079,0,1
22081,0,1
22083,0,1
22085,0,1
22087,0,1
22089,0,1
22091,0,1
22093,0,1
22095,0,1
22097,0,1
22099,0,1
22101,0,1
22103,0,1
22105,0,1
22107,0,1
22109,0,1
22111,0,1
22113,0,1
22115,0,1
22117,0,1
22119,0,1
22121,0,1
22123,0,1
22125,0,1
22127,0,1
23001,0,1
23003,1,0
23005,0,1
23007,0,1
23009,0,1
23011,0,1
23013,0,1
23015,0,1
23017,0,1
23019,0,1
23021,0,1
23023,0,1
23025,0.5,0.5
23027,0,1
23029,0,1
23031,0,1
24001,0,1
24003,0,1
24510,0,1
24009,0,1
24011,0,1
24013,0,1
24015,0,1
24017,0,1
24019,0,1
24021,0,1
24023,0,1
24025,0,1
24027,0,1
24029,0,1
24031,0,1
24033,0,1
24035,0,1
24037,0,1
24039,0,1
24041,0,1
24043,0,1
24045,0,1
24047,0,1
25001,0,1
25003,0,1
25005,0,1
25009,0,1
25011,0,1
25013,0,1
25015,0,1
25017,0,1
25021,0,1
25023,0,1
25025,0,1
25027,0,1
26001,0,1
26003,0,1
26005,0.5,0.5
26007,0,1
26009,0,1
26011,0.5,0.5
26013,0,1
26015,0,1
26017,0.5,0.5
26021,0,1
26023,0.5,0.5
26025,0.5,0.5
26027,0.0238669884687584,0.976133011531242
26029,0,1
26031,0,1
26033,0,1
26035,0.5,0.5
26037,0.00731985034972618,0.992680149650274
26039,0,1
26041,0.5,0.5
26043,0,1
26045,0,1
26047,0,1
26049,0.00567174760723148,0.994328252392769
26051,0,1
26053,0,1
26055,0,1
26057,0.0142514251425143,0.985748574857486
26059,0.5,0.5
26061,0,1
26063,0.00250756857588453,0.997492431424115
26065,0.0053535423764166,0.994646457623583
26067,0.00842696629213483,0.991573033707865
26069,0,1
26071,0.5,0.5
26073,0.5,0.5
26075,0.5,0.5
26077,0,1
26079,0,1
26081,0,1
46095,0.187587953841824,0.812412046158176
46097,0.249395091600415,0.750604908399585
46099,0.997942386831276,0.00205761316872428
46101,0.647540983606557,0.352459016393443
46103,0.167312234293812,0.832687765706188
46105,0.99993588510611,6.41148938898506e-05
46107,0.999971946361443,2.80536385569208e-05
46109,0.999985901195579,1.40988044213851e-05
46111,0.250874665569047,0.749125334430953
46113,0,1
46115,0.999986132874794,1.38671252062735e-05
46117,0.014828012299204,0.985171987700796
46119,0.403892250482644,0.596107749517356
46121,0.181678044483594,0.818321955516406
46123,0.259365432243218,0.740634567756781
46125,0.00343642611683849,0.996563573883162
46127,1,0
46129,0.883367956925425,0.116632043074575
46135,0.501587301587302,0.498412698412698
46137,0.0860569905438853,0.913943009456115
47001,0,1
47003,0,1
47005,0,1
47007,0,1
48341,0,1
48343,0,1
48345,0,1
48347,0,1
48349,0,1
48351,0,1
48353,0,1
48355,0,1
48357,0,1
48359,0,1
48361,0,1
48363,0,1
48365,0,1
48367,0,1
48369,0,1
48371,0,1
48373,0,1
48375,0,1
48377,0,1
48379,0,1
48381,0,1
48383,0,1
48385,0,1
48387,0,1
48389,0,1
48391,0,1
48393,0,1
54001,0,1
54003,0,1
54005,0,1
54007,0,1
54009,0,1
54011,0,1
54013,0,1
54015,0,1
54017,0,1
54019,0,1
54021,0,1
54023,0,1
54025,0,1
54027,0,1
54029,0,1
54031,0,1
54033,0,1
54035,0,1
54037,0,1
54039,0,1
54041,0,1
54043,0,1
54045,0,1
54049,0,1
26085,0,1
26087,0.5,0.5
26089,0,1
26091,0.5,0.5
26093,0,1
26095,0,1
26097,0,1
26099,0.5,0.5
26101,0,1
26103,0,1
26105,0.5,0.5
26107,0.00254452926208651,0.997455470737914
26109,0,1
26111,0.015450861195542,0.984549138804458
26113,0,1
26115,0.0151342554922701,0.98486574450773
26117,0.0103124237246766,0.989687576275323
26119,0,1
26121,0,1
26123,0.5,0.5
26125,0,1
26127,0,1
26129,0.5,0.5
26131,0,1
26133,0.5,0.5
26135,0,1
26137,0,1
26139,0,1
26141,0.0153307052124398,0.98466929478756
26143,0,1
26145,0.5,0.5
26147,0.0487926727726894,0.951207327227311
26149,0,1
26151,0.00524926686217009,0.99475073313783
26153,0,1
26155,0.00455235204855842,0.995447647951442
26157,0.00616966580976864,0.993830334190231
26159,0.5,0.5
26161,0.5,0.5
26163,0,1
26165,0.5,0.5
27001,0,1
27003,0.5,0.5
27005,0.998140930513201,0.00185906948679898
27007,0.892515592515593,0.107484407484407
27009,0.829659318637275,0.170340681362725
27011,0.999970769635497,2.92303645026453e-05
27013,0.55307994757536,0.44692005242464
27015,0.915675297410777,0.0843247025892232
27017,0,1
27019,0.816763263486402,0.183236736513598
27021,1,0
27023,1,0
27025,0.911811023622047,0.0881889763779528
27027,0.999994204880649,5.79511935048302e-06
27029,0.769297270594047,0.230702729405953
27031,0,1
27033,0.5,0.5
27035,0,1
27037,0.597886886264761,0.402113113735239
27039,1,0
27041,0.5,0.5
27043,1,0
27045,0.5,0.5
27047,1,0
27049,0.5,0.5
27051,1,0
27053,1,0
27055,0.5,0.5
27057,1,0
27059,0.625641025641026,0.374358974358974
27061,0.5,0.5
27063,0.5,0.5
27065,1,0
27067,0.5,0.5
27069,0.993834942131297,0.00616505786870288
27071,0.5,0.5
27073,0.985975658902233,0.0140243410977674
27077,0.991313930122512,0.00868606987748752
27075,0,1
27079,0.623784261715296,0.376215738284704
27081,0.987233570159858,0.0127664298401421
27083,1,0
27087,0.985201770640313,0.014798229359687
27089,0.991919910149401,0.00808008985059914
27091,1,0
27085,0.825346112886049,0.174653887113951
27093,0.979151014274981,0.0208489857250188
27095,0.580645161290323,0.419354838709677
27097,0.5,0.5
27099,0.5,0.5
27101,0.5,0.5
27103,0.947712418300654,0.0522875816993464
27105,0.385116279069767,0.614883720930233
27107,0.998921209030461,0.00107879096953887
27109,0.604026845637584,0.395973154362416
27111,0.999983333333333,1.66666666666667e-05
27113,0.981558838512481,0.0184411614875191
27115,0.694915254237288,0.305084745762712
27117,1,0
27119,0.987684277436863,0.0123157225631372
27121,0.999909918025403,9.00819745968832e-05
27123,0,1
27125,0.988644374583214,0.0113556254167857
27127,0.5,0.5
27129,0.989903069466882,0.0100969305331179
27131,0.737051792828685,0.262948207171315
27133,1,0
27135,0.93909279300023,0.0609072069997697
27137,0.5,0.5
27139,0.660808435852373,0.339191564147627
27141,0.769706336939722,0.230293663060278
27143,0.886747802569304,0.113252197430696
27145,0.934526472781506,0.0654735272184937
27147,1,0
27149,1,0
27151,0.5,0.5
27153,0.935935343977922,0.0640646560220777
27155,0.991368680641184,0.00863131935881628
27157,0.5,0.5
27159,0.462025316455696,0.537974683544304
27161,0.5,0.5
27163,0,1
27165,0.5,0.5
27167,0.5,0.5
27169,0.5,0.5
27171,0.88768115942029,0.11231884057971
27173,1,0
28001,0,1
28003,0,1
28005,0,1
28007,0,1
28009,0,1
28011,0,1
28013,0,1
28015,0,1
28017,0,1
28019,0,1
28021,0,1
28023,0,1
28025,0,1
28027,0,1
28029,0,1
28031,0,1
28033,0,1
28035,0,1
28037,0,1
28039,0,1
28041,0,1
28043,0,1
28045,0,1
28047,0,1
28049,0,1
28051,0,1
28053,0,1
28055,0,1
28057,0,1
28059,0,1
28061,0,1
28065,0,1
28063,0,1
28067,0,1
28069,0,1
28071,0,1
28073,0,1
28075,0,1
28077,0,1
28079,0,1
28081,0,1
28083,0,1
28085,0,1
28087,0,1
28089,0,1
28091,0,1
28093,0,1
28095,0,1
28097,0,1
28099,0,1
28101,0,1
28103,0,1
28105,0,1
28107,0,1
28109,0,1
28111,0,1
28113,0,1
28115,0,1
28117,0,1
28119,0,1
28121,0,1
28123,0,1
28125,0,1
28127,0,1
28129,0,1
28131,0,1
28133,0,1
28135,0,1
28137,0,1
28139,0,1
28141,0,1
28143,0,1
28145,0,1
28147,0,1
28149,0,1
28151,0,1
28153,0,1
28155,0,1
28157,0,1
28159,0,1
28161,0,1
28163,0,1
29001,0,1
29003,0,1
29005,0,1
29007,0,1
29009,0,1
29011,0,1
29013,0,1
29015,0,1
29017,0,1
29019,0,1
29021,0,1
29023,0,1
29025,0,1
29027,0,1
29029,0,1
29031,0,1
29033,0,1
29035,0,1
29037,0,1
29039,0,1
29041,0,1
29043,0,1
29045,0,1
29047,0,1
29049,0,1
29051,0,1
29053,0,1
29055,0,1
29057,0,1
29059,0,1
29061,0,1
29063,0,1
29065,0,1
29067,0,1
29069,0,1
29071,0,1
29073,0,1
29075,0,1
29077,0,1
29079,0,1
29081,0,1
29083,0,1
29085,0,1
29087,0,1
29089,0,1
29091,0,1
29093,0,1
29095,0,1
29097,0,1
29099,0,1
29101,0,1
29103,0,1
29105,0,1
29107,0,1
29109,0,1
29111,0,1
29113,0,1
29115,0,1
29117,0,1
29121,0,1
29123,0,1
29125,0,1
29127,0,1
29119,0,1
29129,0,1
29131,0,1
29133,0,1
29135,0,1
29137,0,1
29139,0,1
29141,0,1
29143,0,1
29145,0,1
29147,0,1
29149,0,1
29151,0,1
29153,0,1
29155,0,1
29157,0,1
29159,0,1
29161,0,1
29163,0,1
29165,0,1
29167,0,1
29169,0,1
29171,0,1
29173,0,1
29175,0,1
29177,0,1
29179,0,1
29181,0,1
29183,0,1
29185,0,1
29187,0,1
29510,0,1
29186,0,1
29195,0,1
29197,0,1
29199,0,1
29201,0,1
29203,0,1
29205,0,1
29207,0,1
29209,0,1
29211,0,1
29213,0,1
29215,0,1
29217,0,1
29219,0,1
29221,0,1
29223,0,1
29225,0,1
29227,0,1
29229,0,1
30001,0.573172665292532,0.426827334707468
30003,0.240738567001596,0.759261432998404
30005,0.986718713060107,0.0132812869398927
30007,0.757056992594183,0.242943007405817
30009,0.0899691637946672,0.910030836205333
30011,0.782663415401557,0.217336584598443
30013,0.387040146542513,0.612959853457487
30015,0.680683168124014,0.319316831875986
30017,0.371604431678293,0.628395568321707
30019,1,0
30021,0.964758595464521,0.0352414045354792
30023,1,0
30025,0.684523206751055,0.315476793248945
30027,0.38556033205838,0.61443966794162
30029,0.999955468471678,4.4531528322052e-05
30031,0.999966799468792,3.32005312084993e-05
30033,0.693363100705091,0.306636899294909
30035,0.999991937369486,8.06263051383144e-06
30037,0.000255264837268666,0.999744735162731
30039,0.5,0.5
30041,0.968359105793961,0.0316408942060386
30043,0.5,0.5
30045,0.3831719034219,0.6168280965781
30047,0.999867215509229,0.000132784490771478
30049,0.999809269502193,0.000190730497806599
30051,0.985936034589645,0.0140639654103546
30053,0,1
30057,0.711012458828584,0.288987541171416
30055,0.937217929386475,0.0627820706135248
30059,0.374925609998016,0.625074390001984
30061,1,0
30063,0.547082228116711,0.452917771883289
30065,0.468910439247005,0.531089560752995
30067,0.577426015141087,0.422573984858913
30069,0.504211956521739,0.495788043478261
30071,0.985528873942515,0.0144711260574852
30073,0.861534578840028,0.138465421159972
30075,0.555719260648272,0.444280739351728
30077,1,0
30079,0.000228859137201053,0.999771140862799
30081,0.576299608719955,0.423700391280045
30083,0.974940506237831,0.0250594937621692
30085,0.999995821529153,4.1784708468089e-06
30087,0.551342996979135,0.448657003020865
30089,0.5,0.5
30091,1,0
30093,0,1
30095,0.000150161423530295,0.99984983857647
30097,0.5,0.5
30099,0.620789774616589,0.379210225383411
30101,0.991571408339571,0.00842859166042851
30103,0.555401341660884,0.444598658339116
30105,0.997250093634805,0.00274990636519545
30107,0.932883560907429,0.0671164390925707
30109,0.903450126333207,0.0965498736667934
30111,3.97883261051208e-05,0.999960211673895
31001,0,1
31003,0,1
31005,0,1
31007,0,1
31009,0,1
31011,0,1
31013,0.5,0.5
31015,0,1
31017,0,1
31019,0,1
31021,0,1
31023,0,1
31025,0,1
31027,0,1
31029,0,1
31031,0,1
31033,0,1
31035,0,1
31037,0,1
31039,0,1
31041,0,1
31043,0,1
31045,0,1
31047,0,1
31049,0,1
31051,0,1
31053,0,1
31055,0,1
31057,0,1
31059,0,1
31061,0,1
31063,0,1
31065,0,1
31067,0,1
31069,0,1
31071,0,1
31073,0,1
31075,0,1
31077,0,1
31079,0,1
31081,0,1
31083,0,1
31085,0,1
31087,0,1
31089,0,1
31091,0,1
31093,0,1
31095,0,1
31097,0,1
31099,0,1
31101,0,1
31103,0,1
31105,0,1
31107,0,1
31109,0,1
31111,0,1
31113,0,1
31115,0,1
31119,0,1
31117,0,1
31121,0,1
31123,0,1
31125,0,1
31127,0,1
31129,0,1
31131,0,1
31133,0,1
31135,0,1
31137,0,1
31139,0,1
31141,0,1
31143,0,1
31145,0,1
31147,0,1
31149,0,1
31151,0,1
31153,0,1
31155,0,1
31157,0,1
31159,0,1
31161,0.5,0.5
31163,0,1
31165,0,1
31167,0,1
31169,0,1
31171,0,1
31173,0,1
31175,0,1
31177,0,1
31179,0,1
31181,0,1
31183,0,1
31185,0,1
32510,0,1
32001,0.5,0.5
32003,0,1
32005,0.5,0.5
32007,0,1
32009,0,1
32011,1,0
32013,0.5,0.5
32015,1,0
32017,0,1
32019,0.5,0.5
32021,0,1
32023,0,1
32027,0,1
32029,0,1
32031,0,1
32033,0,1
33001,0,1
33003,0,1
33005,0,1
33007,0,1
33009,0,1
33011,0,1
33013,0,1
33015,0,1
33017,0,1
33019,0,1
34001,0,1
34003,0,1
34005,0,1
34007,0,1
34009,0,1
34011,0,1
34013,0,1
34015,0,1
34017,0,1
34019,0,1
34021,0,1
34023,0,1
34025,0,1
34027,0,1
34029,0,1
34031,0,1
34033,0,1
34035,0,1
34037,0,1
34039,0,1
34041,0,1
35001,0,1
35003,0,1
35005,0,1
35006,0,1
35007,0,1
35009,0,1
35011,0,1
35013,0,1
35015,0,1
35017,0,1
35019,0,1
35021,0,1
35023,0,1
35025,0,1
35027,0,1
35028,0,1
35029,0,1
35031,0,1
35033,0,1
35035,0,1
35037,0,1
35039,0,1
35041,0,1
35045,0,1
35047,0,1
35043,0,1
35049,0,1
35051,0,1
35053,0,1
35055,0,1
35057,0,1
35059,0,1
35061,0,1
36001,0,1
36003,0,1
36005,0,1
36007,0,1
36009,0,1
36011,0.5,0.5
36013,0,1
36015,0,1
36017,0,1
36019,0,1
36021,0,1
36023,0,1
36025,0,1
36027,0,1
36029,0.5,0.5
36031,0,1
36033,0,1
36035,0,1
36037,0,1
36039,0,1
36041,0,1
36043,0,1
36045,0,1
36047,0,1
36049,0,1
36051,0,1
36053,0.184549356223176,0.815450643776824
36055,0,1
36057,0,1
36059,0,1
36061,0,1
36063,0,1
36065,0.5,0.5
36067,0,1
36069,0,1
36071,0,1
36073,0,1
36075,0,1
36077,0,1
36079,0,1
36081,0,1
36083,0,1
36085,0,1
36087,0,1
36089,0,1
36091,0,1
36093,0,1
36095,0,1
36097,0,1
36099,0.5,0.5
36101,0,1
36103,0,1
36105,0,1
36107,0,1
36109,0,1
36111,0,1
36113,0,1
36115,0,1
36117,0,1
36119,0,1
36121,0,1
36123,0,1
37001,0,1
37003,0,1
37005,0,1
37007,0,1
37009,0,1
37011,0,1
37013,0,1
37015,0,1
37017,0,1
37019,0,1
37021,0,1
37023,0,1
37025,0,1
37027,0,1
37029,0,1
37031,0,1
37033,0,1
37035,0,1
37037,0,1
37039,0,1
37041,0,1
37043,0,1
37045,0,1
37047,0,1
37049,0,1
37051,0,1
37053,0,1
37055,0,1
37057,0,1
37059,0,1
37061,0,1
37063,0,1
37065,0,1
37067,0,1
37069,0,1
37071,0,1
37073,0,1
37075,0,1
37077,0,1
37079,0,1
37081,0,1
37083,0,1
37085,0,1
37087,0,1
37089,0,1
37091,0,1
37093,0,1
37095,0,1
37097,0,1
37099,0,1
37101,0,1
37103,0,1
37105,0,1
37107,0,1
37109,0,1
37113,0,1
37115,0,1
37117,0,1
37111,0,1
37119,0,1
37121,0,1
37123,0,1
37125,0,1
37127,0,1
37129,0,1
37131,0,1
37133,0,1
37135,0,1
37137,0,1
37139,0,1
37141,0,1
37143,0,1
37145,0,1
37147,0,1
37149,0,1
37151,0,1
37153,0,1
37155,0,1
37157,0,1
37159,0,1
37161,0,1
37163,0,1
37165,0,1
37167,0,1
37169,0,1
37171,0,1
37173,0,1
37175,0,1
37177,0,1
37179,0,1
37181,0,1
37183,0,1
37185,0,1
37187,0,1
37189,0,1
37191,0,1
37193,0,1
37195,0,1
37197,0,1
37199,0,1
38001,0.999984850321173,1.51496788268089e-05
38003,0.995373615004672,0.00462638499532773
38005,0.974590763035594,0.0254092369644064
38007,0.98880290772658,0.0111970922734201
38009,0.995594003051015,0.00440599694898538
38011,0.995246825558498,0.004753174441502
38013,1,0
38015,0.990491503661118,0.00950849633888188
38017,0.995802841153681,0.00419715884631941
38019,0.999110890858209,0.000889109141791045
38021,0.999986244274179,1.37557258208729e-05
38023,0.999996089992727,3.91000727261353e-06
38025,0.999990310922497,9.68907750293095e-06
38027,0.984204206690957,0.0157957933090427
38029,0.918089609456114,0.0819103905438863
38031,0.99998605163684,1.39483631595832e-05
38033,0.956861179851521,0.0431388201484793
38035,0.997949040861763,0.00205095913823734
38037,0.974946792338097,0.0250532076619033
38039,0.986231815922737,0.013768184077263
38041,0.986794288159994,0.0132057118400062
38043,0.979309247174916,0.0206907528250836
38045,0.999992669965182,7.33003481766538e-06
38047,0.963473589973142,0.0365264100268577
38049,0.999991632779423,8.36722057666884e-06
38051,0.978339691648012,0.0216603083519879
38053,0.996527310744549,0.00347268925545053
38055,0.99742279982394,0.00257720017606042
38057,1,0
38059,0.994827162660116,0.00517283733988419
38061,0.999994951891526,5.04810847375488e-06
38063,0.969860699950963,0.0301393000490365
38065,0.999974958681825,2.50413181749887e-05
38067,0.999995783152852,4.21684714772459e-06
38069,0.991380264895022,0.00861973510497849
38071,0.979492467554655,0.0205075324453448
38073,0.978036420469346,0.0219635795306543
38075,0.996884699911639,0.00311530008836124
38077,0.999993665273027,6.33472697326745e-06
38079,0.961967336653832,0.0380326633461679
38081,0.999989668781123,1.03312188772031e-05
38083,1,0
38085,0.666666666666667,0.333333333333333
38087,0.999982177864908,1.7822135091784e-05
38089,0.996375461362929,0.00362453863707137
38091,0.99999066075181,9.33924819052066e-06
38093,0.976168477246426,0.0238315227535745
38095,0.988605413164071,0.0113945868359285
38097,0.997300651566863,0.00269934843313683
38099,0.999995598843376,4.40115662396078e-06
38101,0.99539503961763,0.00460496038236974
38103,0.982694645256222,0.0173053547437784
38105,0.99805012275687,0.00194987724312977
39001,0,1
39003,0,1
39005,0,1
39007,0,1
39009,0,1
39011,0,1
39013,0,1
39015,0,1
39017,0,1
39019,0,1
39021,0,1
39023,0,1
39025,0,1
39027,0,1
39029,0,1
39031,0,1
39033,0,1
39035,0,1
39037,0,1
39039,0,1
39041,0,1
39043,0,1
39045,0,1
39047,0,1
39049,0,1
39051,0,1
39053,0,1
39055,0,1
39057,0,1
39059,0,1
39061,0,1
39063,0,1
39065,0,1
39067,0,1
39069,0,1
39071,0,1
39073,0,1
39075,0,1
39077,0,1
39079,0,1
39081,0,1
39083,0,1
39085,0,1
39087,0,1
39089,0,1
39091,0,1
39093,0,1
39095,0,1
39097,0,1
39099,0,1
39101,0,1
39103,0,1
39105,0,1
39107,0,1
39109,0,1
39111,0,1
39113,0,1
39115,0,1
39117,0,1
39119,0,1
39121,0,1
39123,0,1
39125,0,1
39127,0,1
39129,0,1
39131,0,1
39133,0,1
39135,0,1
39137,0,1
39139,0,1
39141,0,1
39143,0,1
39145,0,1
39147,0,1
39149,0,1
39151,0,1
39153,0,1
39155,0,1
39157,0,1
39159,0,1
39161,0,1
39163,0,1
39165,0,1
39167,0,1
39169,0,1
39171,0,1
39173,0,1
39175,0,1
40001,0,1
40003,0,1
40005,0,1
40007,0,1
40009,0,1
40011,0,1
40013,0,1
40015,0,1
40017,0,1
40019,0,1
40021,0,1
40023,0,1
40025,0,1
40027,0,1
40029,0,1
40031,0,1
40033,0,1
40035,0,1
40037,0,1
40039,0,1
40041,0,1
40043,0,1
40045,0,1
40047,0,1
40049,0,1
40051,0,1
40053,0,1
40055,0,1
40057,0,1
40059,0,1
40061,0,1
40063,0,1
40065,0,1
40067,0,1
40069,0,1
40071,0,1
40073,0,1
40075,0,1
40077,0,1
40079,0,1
40081,0,1
40083,0,1
40085,0,1
40093,0,1
40095,0,1
40097,0,1
40087,0,1
40089,0,1
40091,0,1
40099,0,1
40101,0,1
40103,0,1
40105,0,1
40107,0,1
40109,0,1
40111,0,1
40113,0,1
40115,0,1
40117,0,1
40119,0,1
40121,0,1
40123,0,1
40125,0,1
40127,0,1
40129,0,1
40131,0,1
40133,0,1
40135,0,1
40137,0,1
40139,0,1
40141,0,1
40143,0,1
40145,0,1
40147,0,1
40149,0,1
40151,0,1
40153,0,1
41001,0.149887133182844,0.850112866817156
41003,0.0662808065720687,0.933719193427931
41005,0.244586614173228,0.755413385826772
41007,0,1
41009,0.5,0.5
41011,0,1
41013,0.55459508644222,0.44540491355778
41015,0,1
41017,0.526508226691042,0.473491773308958
41019,1,0
41021,0.218653231507572,0.781346768492428
41023,1,0
41025,0,1
41027,0,1
41029,0.132183908045977,0.867816091954023
41031,0.634046151987435,0.365953848012565
41033,0.5,0.5
41035,0.690355329949239,0.309644670050761
41037,0,1
41039,0.11292909849214,0.88707090150786
41041,0,1
41043,0.337835371418142,0.662164628581858
41045,0.0567847990499406,0.943215200950059
41047,0.273373028308785,0.726626971691215
41049,0.209985715257465,0.790014284742535
41051,0.544603524229075,0.455396475770925
41053,0.314481321625242,0.685518678374758
41055,0.168257715732567,0.831742284267433
41057,0,1
41059,0.0524256414137592,0.947574358586241
41061,0.227047508015156,0.772952491984844
41063,0.56402137344152,0.43597862655848
41065,0.0612189530514521,0.938781046948548
41067,0.177532145274081,0.822467854725919
41069,0.5,0.5
41071,0.12431906614786,0.87568093385214
42001,0,1
42003,0,1
42005,0,1
42007,0,1
42009,0,1
42011,0,1
42013,0,1
42015,0,1
42017,0,1
42019,0,1
42021,0,1
42023,0,1
42025,0,1
42027,0,1
42029,0,1
42031,0,1
42033,0,1
42035,0,1
42037,0,1
42039,0,1
42041,0,1
42043,0,1
42045,0,1
42047,0,1
42049,0,1
42051,0,1
42053,0,1
42055,0,1
42057,0,1
42059,0,1
42061,0,1
42063,0,1
42065,0,1
42067,0,1
42069,0,1
42071,0,1
42073,0,1
42075,0,1
42077,0,1
42079,0,1
42081,0,1
42083,0,1
42085,0,1
42087,0,1
42089,0,1
42091,0,1
42093,0,1
42095,0,1
42097,0,1
42099,0,1
42101,0,1
42103,0,1
42105,0,1
42107,0,1
42109,0,1
42111,0,1
42113,0,1
42115,0,1
42117,0,1
42119,0,1
42121,0,1
42123,0,1
42125,0,1
42127,0,1
42129,0,1
42131,0,1
42133,0,1
44001,0,1
44003,0,1
44005,0,1
44007,0,1
44009,0,1
45001,0,1
45003,0,1
45005,0,1
45007,0,1
45009,0,1
45011,0,1
45013,0,1
45015,0,1
45017,0,1
45019,0,1
45021,0,1
45023,0,1
45025,0,1
45027,0,1
45029,0,1
45031,0,1
45033,0,1
45035,0,1
45037,0,1
45039,0,1
45041,0,1
45043,0,1
45045,0,1
45047,0,1
45049,0,1
45051,0,1
45053,0,1
45055,0,1
45057,0,1
45059,0,1
45061,0,1
45063,0,1
45067,0,1
45069,0,1
45065,0,1
45071,0,1
45073,0,1
45075,0,1
45077,0,1
45079,0,1
45081,0,1
45083,0,1
45085,0,1
45087,0,1
45089,0,1
45091,0,1
46003,0.146388567014291,0.853611432985709
46005,0.616199183842141,0.383800816157859
46007,0.000102928310431784,0.999897071689568
46009,0.228815130725014,0.771184869274986
46011,0.835430397443579,0.164569602556421
46013,0.999988864514548,1.11354854514883e-05
46015,0.192934890953311,0.807065109046689
46017,0.419749312136961,0.580250687863039
46019,0.223548452356868,0.776451547643132
46021,0.924381851644395,0.0756181483556053
46023,0.190387708691552,0.809612291308447
46025,0.999963159445918,3.68405540819334e-05
46027,0.5,0.5
46029,0.999968683452336,3.13165476637855e-05
46031,0.874504512102555,0.125495487897445
46033,0.5,0.5
46035,0.5,0.5
46037,0.965746380824302,0.0342536191756981
46039,0.866092042481145,0.133907957518855
46041,0.596813725490196,0.403186274509804
46043,0.00033921302578019,0.99966078697422
46045,0.963212652097223,0.0367873479027774
46047,0.5,0.5
46049,0.909984379067951,0.0900156209320489
46051,0.999963390078711,3.66099212886692e-05
46053,0.231067125645439,0.768932874354561
46055,0.0995039801592064,0.900496019840794
46057,0.999885896850753,0.000114103149246919
46059,0.999968385444659,3.16145553412791e-05
46061,0.5,0.5
46063,0.999749937484371,0.000250062515628907
46065,0.277935505741769,0.722064494258231
46067,0.000346020761245675,0.999653979238754
46069,0.454018744674808,0.545981255325192
46071,0.163126084614924,0.836873915385076
46073,0.61249368013033,0.38750631986967
46075,0.113612836438923,0.886387163561077
46077,0.000178126113288208,0.999821873886712
46079,0.819029042045947,0.180970957954053
46081,1,0
46083,0.0172413793103448,0.982758620689655
46085,0.191340685494472,0.808659314505528
46091,0.666666666666667,0.333333333333333
46087,0.5,0.5
46089,0.950059344471834,0.0499406555281658
46093,0.00015382248884787,0.999846177511152
47009,0,1
47011,0,1
47013,0,1
47015,0,1
47017,0,1
47019,0,1
47021,0,1
47023,0,1
47025,0,1
47027,0,1
47029,0,1
47031,0,1
47033,0,1
47035,0,1
47037,0,1
47039,0,1
47041,0,1
47043,0,1
47045,0,1
47047,0,1
47049,0,1
47051,0,1
47053,0,1
47055,0,1
47057,0,1
47059,0,1
47061,0,1
47063,0,1
47065,0,1
47067,0,1
47069,0,1
47071,0,1
47073,0,1
47075,0,1
47077,0,1
47079,0,1
47081,0,1
47083,0,1
47085,0,1
47087,0,1
47089,0,1
47091,0,1
47093,0,1
47095,0,1
47097,0,1
47099,0,1
47101,0,1
47103,0,1
47105,0,1
47111,0,1
47113,0,1
47115,0,1
47117,0,1
47119,0,1
47107,0,1
47109,0,1
47121,0,1
47123,0,1
47125,0,1
47127,0,1
47129,0,1
47131,0,1
47133,0,1
47135,0,1
47137,0,1
47139,0,1
47141,0,1
47143,0,1
47145,0,1
47147,0,1
47149,0,1
47151,0,1
47153,0,1
47155,0,1
47157,0,1
47159,0,1
47161,0,1
47163,0,1
47165,0,1
47167,0,1
47169,0,1
47171,0,1
47173,0,1
47175,0,1
47177,0,1
47179,0,1
47181,0,1
47183,0,1
47185,0,1
47187,0,1
47189,0,1
48001,0,1
48003,0,1
48005,0,1
48007,0,1
48009,0,1
48011,0,1
48013,0,1
48015,0,1
48017,0,1
48019,0,1
48021,0,1
48023,0,1
48025,0,1
48027,0,1
48029,0,1
48031,0,1
48033,0,1
48035,0,1
48037,0,1
48039,0,1
48041,0,1
48043,0,1
48045,0,1
48047,0,1
48049,0,1
48051,0,1
48053,0,1
48055,0,1
48057,0,1
48059,0,1
48061,0,1
48063,0,1
48065,0,1
48067,0,1
48069,0,1
48071,0,1
48073,0,1
48075,0,1
48077,0,1
48079,0,1
48081,0,1
48083,0,1
48085,0,1
48087,0,1
48089,0,1
48091,0,1
48093,0,1
48095,0,1
48097,0,1
48099,0,1
48101,0,1
48103,0,1
48105,0,1
48107,0.5,0.5
48109,0,1
48111,0,1
48113,0,1
48115,0,1
48117,0,1
48119,0,1
48121,0,1
48123,0,1
48125,0,1
48127,0,1
48129,0,1
48131,0,1
48133,0,1
48135,0,1
48137,0,1
48141,0,1
48139,0,1
48143,0,1
48145,0,1
48147,0,1
48149,0,1
48151,0,1
48153,0,1
48155,0,1
48157,0,1
48159,0,1
48161,0,1
48163,0,1
48165,0,1
48169,0,1
48171,0,1
48173,0,1
48175,0,1
48177,0,1
48179,0,1
48181,0,1
48183,0,1
48185,0,1
48187,0,1
48189,0,1
48191,0,1
48193,0,1
48195,0,1
48197,0,1
48199,0,1
48201,0,1
48203,0,1
48205,0,1
48207,0,1
48209,0,1
48211,0,1
48213,0,1
48215,0,1
48217,0,1
48219,0,1
48221,0,1
48223,0,1
48225,0,1
48227,0,1
48229,0,1
48231,0,1
48233,0,1
48235,0,1
48237,0,1
48239,0,1
48241,0,1
48243,0,1
48245,0,1
48247,0,1
48249,0,1
48251,0,1
48253,0,1
48255,0,1
48257,0,1
48259,0,1
48261,0,1
48263,0,1
48265,0,1
48267,0,1
48269,0,1
48271,0,1
48273,0,1
48275,0,1
48283,0,1
48277,0,1
48279,0,1
48281,0,1
48285,0,1
48287,0,1
48289,0,1
48291,0,1
48293,0,1
48295,0,1
48297,0,1
48299,0,1
48301,0,1
48303,0,1
48305,0,1
48313,0,1
48315,0,1
48317,0,1
48319,0,1
48321,0,1
48323,0,1
48307,0,1
48309,0,1
48311,0,1
48325,0,1
48327,0,1
48329,0,1
48331,0,1
48333,0,1
48335,0,1
48337,0,1
48339,0,1
48395,0,1
48397,0,1
48399,0,1
48401,0,1
48403,0,1
48405,0,1
48407,0,1
48409,0,1
48411,0,1
48413,0,1
48415,0,1
48417,0,1
48419,0,1
48421,0,1
48423,0,1
48425,0,1
48427,0,1
48429,0,1
48431,0,1
48433,0,1
48435,0,1
48437,0,1
48439,0.5,0.5
48441,0,1
48443,0,1
48445,0,1
48447,0,1
48449,0,1
48451,0,1
48453,0,1
48455,0,1
48457,0,1
48459,0,1
48461,0,1
48463,0,1
48465,0,1
48467,0,1
48469,0,1
48471,0,1
48473,0,1
48475,0,1
48477,0,1
48479,0,1
48481,0,1
48483,0,1
48485,0,1
48487,0,1
48489,0,1
48491,0,1
48493,0.5,0.5
48495,0,1
48497,0,1
48499,0,1
48501,0,1
48503,0,1
48505,0,1
48507,0,1
49001,0,1
49003,0.0958345341284444,0.904165465871556
49005,0.150791139240506,0.849208860759494
49007,0.5,0.5
49009,0,1
49011,0.5,0.5
49013,0,1
49015,0.5,0.5
49017,0,1
49019,0,1
49021,0,1
49023,0.119609438567941,0.880390561432059
49025,0,1
49027,0.294911734164071,0.705088265835929
49029,1,0
49031,0,1
49033,0,1
49035,0.5,0.5
49037,0,1
49039,0,1
49041,0,1
49043,0,1
49045,0,1
49047,0.5,0.5
49049,0.112747059294231,0.887252940705769
49051,0,1
49053,0,1
49055,0,1
49057,0.184049079754601,0.815950920245399
50001,0,1
50003,0,1
50005,0,1
50007,0,1
50009,0,1
50011,0,1
50013,0,1
50015,0,1
50017,0,1
50019,0.5,0.5
50021,0,1
50023,0,1
50025,0,1
50027,0,1
51001,0,1
51003,0,1
51510,0,1
51005,0,1
51007,0,1
51009,0,1
51011,0,1
51013,0,1
51015,0,1
51017,0,1
51515,0,1
51021,0,1
51023,0,1
51520,0,1
51025,0,1
51027,0,1
51029,0,1
51530,0,1
51031,0,1
51033,0,1
51035,0,1
51036,0,1
51037,0,1
51540,0,1
51550,0,1
51041,0,1
51043,0,1
51570,0,1
51580,0,1
51045,0,1
51047,0,1
51049,0,1
51590,0,1
51051,0,1
51053,0,1
51595,0,1
51057,0,1
51600,0,1
51610,0,1
51061,0,1
51063,0,1
51065,0,1
51620,0,1
51069,0,1
51630,0,1
51640,0,1
51071,0,1
51073,0,1
51075,0,1
51077,0,1
51079,0,1
51081,0,1
51083,0,1
51650,0,1
51085,0,1
51660,0,1
51087,0,1
51089,0,1
51091,0,1
51670,0,1
51093,0,1
51095,0,1
51097,0,1
51099,0,1
51101,0,1
51103,0,1
51105,0,1
51678,0,1
51107,0,1
51109,0,1
51111,0,1
51680,0,1
51113,0,1
51685,0,1
51683,0,1
51690,0,1
51115,0,1
51117,0,1
51119,0,1
51121,0,1
51125,0,1
51127,0,1
51700,0,1
51710,0,1
51133,0,1
51720,0,1
51135,0,1
51137,0,1
51139,0,1
51141,0,1
51730,0,1
51143,0,1
51735,0,1
51740,0,1
51145,0,1
51147,0,1
51149,0,1
51153,0,1
51155,0,1
51750,0,1
51157,0,1
51760,0,1
51770,0,1
51163,0,1
51165,0,1
51167,0,1
51775,0,1
51169,0,1
51171,0,1
51173,0,1
51175,0,1
51177,0,1
51179,0,1
51790,0,1
51800,0,1
51181,0,1
51183,0,1
51185,0,1
51810,0,1
51187,0,1
51191,0,1
51820,0,1
51193,0,1
51830,0,1
51840,0,1
51195,0,1
51197,0,1
51199,0,1
53001,7.72908027809231e-06,0.999992270919722
53003,0.295646422596584,0.704353577403416
53005,0.127339065096453,0.872660934903547
53007,0.5,0.5
53009,0,1
53011,0.5,0.5
53013,3.02594749981088e-05,0.999969740525002
53015,1,0
53017,0.167452077325528,0.832547922674472
53019,0.5,0.5
53021,0.186135423351585,0.813864576648415
53023,0.240277593989384,0.759722406010616
53025,0.213652467615474,0.786347532384526
53027,0,1
53029,0,1
53031,0,1
53033,0,1
53035,0,1
53037,0.712360594795539,0.287639405204461
53039,0.400181676615624,0.599818323384376
53041,0.5,0.5
53043,0.272043334336443,0.727956665663557
53045,0,1
53047,0.331148212639558,0.668851787360442
53049,0,1
53051,0,1
53053,0,1
53055,0,1
53057,0.5,0.5
53059,0,1
53061,0,1
53063,2.09665583394486e-05,0.999979033441661
53065,0.236939026053744,0.763060973946256
53067,0,1
53069,0,1
53071,1.21469046650187e-05,0.999987853095335
53073,0,1
53075,0.284030292511292,0.715969707488708
53077,0.325477080464293,0.674522919535707
54051,0,1
54053,0,1
54047,0,1
54055,0,1
54057,0,1
54059,0,1
54061,0,1
54063,0,1
54065,0,1
54067,0,1
54069,0,1
54071,0,1
54073,0,1
54075,0,1
54077,0,1
54079,0,1
54081,0,1
54083,0,1
54085,0,1
54087,0,1
54089,0,1
54091,0,1
54093,0,1
54095,0,1
54097,0,1
54099,0,1
54101,0,1
54103,0,1
54105,0,1
54107,0,1
54109,0,1
55001,0.331914893617021,0.668085106382979
55003,0,1
55005,0.294580739655804,0.705419260344196
55007,0,1
55009,0.5,0.5
55011,0.5,0.5
55013,0.169312169312169,0.830687830687831
55015,0.5,0.5
55017,0.230616302186879,0.769383697813121
55019,0.374015748031496,0.625984251968504
55021,0.0109402251466624,0.989059774853338
55023,0.5,0.5
55025,0.5,0.5
55027,0.0181686796737896,0.98183132032621
55029,0,1
55031,0,1
55033,0.222669349429913,0.777330650570087
55035,0,1
55037,0,1
55039,0.5,0.5
55041,0,1
55043,0,1
55047,0.0322388059701493,0.967761194029851
55045,0.0276657060518732,0.972334293948127
55049,0.5,0.5
55051,0,1
55053,0,1
55055,0.5,0.5
55057,0.0699815837937385,0.930018416206261
55059,0.0222053999495332,0.977794600050467
55061,0.5,0.5
55063,0.252525252525253,0.747474747474748
55065,0.496420047732697,0.503579952267303
55067,0.5,0.5
55069,0,1
55071,0.0131323335146476,0.986867666485352
55073,0.0596054888507719,0.940394511149228
55075,0,1
55077,0.5,0.5
55078,0,1
55079,0,1
55081,0.5,0.5
55083,0.5,0.5
55085,0,1
55087,0.0160517222160294,0.983948277783971
55089,0,1
55091,0,1
55093,0.567924528301887,0.432075471698113
55095,0.219483568075117,0.780516431924883
55097,0.583081570996979,0.416918429003021
55099,0.5,0.5
55101,0,1
55103,0.5,0.5
55105,0,1
55107,1,0
55109,0.0236938031591738,0.976306196840826
55111,0,1
55113,1,0
55115,0.5,0.5
55117,0.5,0.5
55119,0,1
55121,0.100089365504915,0.899910634495085
55123,0.0920060331825038,0.907993966817496
55125,0,1
55127,0.0147796988287786,0.985220301171221
55129,0.5,0.5
55131,0.5,0.5
55133,0.0136165577342048,0.986383442265795
55135,0.5,0.5
55137,0,1
55139,0.5,0.5
55141,0.5,0.5
56001,0,1
56003,0.5,0.5
56005,0.317149569303054,0.682850430696946
56007,0,1
56009,0,1
56011,0.5,0.5
56013,1,0
56015,0.00916325818827483,0.990836741811725
56017,0.5,0.5
56019,0,1
56021,0.00971978632535847,0.990280213674642
56023,0,1
56025,0,1
56027,0.5,0.5
56029,1,0
56031,0,1
56033,0,1
56035,0,1
56037,0,1
56039,0,1
56041,0,1
56043,1,0
56045,0.5,0.5
12087,0,1
22023,0,1
22075,0,1
25007,0,1
25019,0,1
26019,0,1
26083,0,1
48167,0,1
51131,0,1
