"x1","x2","x3","x4","x5","x6","x7","x8","x9","x10","x11","x12","x13","x14","x15","x16","x17","x18","x19","x20","x21","x22","x23","x24","x25","x26","x27","x28","x29","x30","x31","x32","x33","x34","x35","x36","x37","x38","x39","x40","x41","x42","x43","x44","x45","x46","x47","x48","x49","x50","x51","x52","x53","x54","x55","x56","x57","x58","x59","x60"
418.3234188034191,293.73890109890124,302.85257631257645,185.82454212454218,324.42378510378524,261.9342246642248,489.8060439560442,413.67851037851057,377.94653235653254,324.8494627594629,428.870744810745,283.6684737484739,337.31002442002455,267.60575091575106,501.0183394383395,302.1984615384617,539.2370695970699,289.8551159951161,500.4120634920636,346.51873015873036,293.98101343101354,410.04135531135546,491.4342979242981,319.2166544566546,356.32759462759486,331.9588156288158,301.2909157509159,327.3415873015875,461.88919413919444,335.05647130647145,366.98141636141645,409.0907570207572,493.70473748473773,415.53819291819315,417.29463980464,341.7526007326008,462.476324786325,310.6889865689868,331.4575824175826,406.299230769231,430.8373260073262,389.20849816849835,386.8861904761907,277.8066910866913,445.68455433455466,379.3658974358976,498.20527472527493,359.65126984127,446.59748473748493,364.06796092796105,430.0678144078145,214.4293894993896,373.36901098901126,397.38461538461553,388.3823076923079,332.51603174603196,390.82064713064733,312.17057387057406,486.2863736263739,349.49021978021995
135.7935504201681,250.79838235294122,239.03027310924375,177.76004201680675,166.88798319327736,135.1752100840336,345.54609243697485,187.095231092437,290.3914285714286,196.3706092436975,260.4818697478992,150.792962184874,180.27071428571432,224.92819327731095,306.45852941176474,158.39810924369752,309.83134453781514,254.92924369747902,349.2371638655463,227.10876050420174,229.35418067226897,213.14476890756305,198.4521848739496,197.16369747899165,205.5924579831933,198.720462184874,230.9172478991597,219.37775210084038,217.80600840336137,201.8627100840337,268.8994957983194,238.17054621848746,261.6813235294118,231.17256302521014,293.4410924369748,278.90002100840337,239.53044117647065,241.6694537815127,178.6488235294118,357.2853571428572,283.5250630252101,314.9974579831934,324.0387815126051,319.5011974789917,278.0421848739496,213.47262605042025,345.4149579831934,257.0528781512606,291.0546008403362,203.55310924369752,282.5268907563025,145.68861344537817,243.90668067226892,260.69766806722697,263.5676890756303,274.91531512605053,351.0893277310925,205.01813025210086,253.00968487394962,215.7035504201681
409.883916500994,283.6151292246521,295.9017693836978,171.88429423459246,303.62962226640155,230.51836978131212,506.8138966202783,416.0697017892644,380.0331411530815,331.38793240556663,420.9072365805169,284.037833001988,357.1712326043737,284.30807157057654,526.7168389662028,298.06514910536777,534.68,297.10930417495035,547.2508946322067,349.9870576540755,311.58324055666003,426.96149105367795,510.58149105367795,321.51236580516894,371.98582504970176,367.4953081510934,303.42681908548707,317.48091451292254,467.725606361829,341.5535984095427,380.3481510934394,425.78910536779324,509.49399602385677,444.21,440.14840954274354,350.5279324055667,463.95834990059643,342.5626242544731,318.3391053677932,397.7500397614314,450.3204373757456,392.79341948310133,399.34166998011926,296.6852087475149,499.6025844930418,380.20654075546724,506.9078727634194,404.77417495029823,464.9252087475149,391.85431411530817,419.43039761431413,221.6669980119284,400.7100596421471,424.59178926441353,403.4276739562625,370.30147117296224,422.6711332007952,319.5328031809145,495.8461232604373,345.47805168986076
603.7856216216214,613.149243243243,538.2148972972971,505.9653729729728,525.2263027027025,396.4819675675673,992.9003033513508,512.1880216216214,660.7233831351349,505.1711783783782,665.7904350270268,511.3927999999998,507.94744864864845,613.0754486486483,840.9727027027022,539.8604972972971,566.5470594594591,571.7605189189186,821.7363027027025,657.9485405405403,598.1255783783781,599.0714270270267,544.6112972972971,518.4885837837835,636.0704324324322,495.71075675675655,461.99420540540524,783.1189297297293,722.8046054054051,728.726055351351,567.7413513513511,767.4256864864861,750.5885405405403,695.0786918918916,751.2636216216214,808.7273297297294,607.2229513513511,627.5688216216213,385.8477189189187,812.4171351351347,691.9356648648646,687.6468864864862,799.3898594594591,843.5859027027024,694.8258047567565,621.7770810810808,892.2809736216212,688.7294702702701,724.8616540540537,686.7300108108105,686.4917405405403,361.656443243243,493.4109729729728,562.2999351351348,658.1081729729725,623.7723567567565,673.853751351351,649.3917189189186,504.314897297297,595.7041297297294
401.38432765707563,231.68677627715792,316.2019553728713,258.78604227833233,318.64445684086905,226.183758073987,442.2188667058132,455.7417087492659,395.02328831473864,401.3834820904285,379.5108631826188,354.48564885496177,260.07710510863177,275.4741514973576,613.1017263652376,330.57648267762767,391.59618320610673,296.00966529653545,554.8277862595418,336.13182031708743,430.62631238990014,466.1503758073986,485.71019377568985,285.65558426306507,365.5641691133293,400.34674104521423,446.4775983558425,386.87542571931874,475.176952436876,332.39337639459774,424.04251908396935,431.0051673517321,296.3404756312389,433.72105695830874,402.4392248972401,523.5725895478566,484.2058308866705,455.49605402231344,482.5513388138578,492.937680563711,450.73217263652367,477.9951497357604,465.3191544333528,521.1419377568996,395.57210804462704,489.69869054609507,517.0457545507926,607.1756958308866,562.3648737522018,434.79689958896057,489.37312389900165,389.14135642982967,428.74908984145617,574.893816793893,349.8760775102759,487.77442748091585,328.9778860833822,356.33046388725774,529.3742982971226,406.3037756899588
320.08501486620423,197.69894945490586,319.86049554013874,234.86540138751243,244.61688800792868,261.0830723488603,394.53839444995054,391.60608523290387,296.10004955401394,357.0872051536175,379.852953419227,282.9149058473737,239.2166897918732,239.65423191278495,456.19082259663037,263.85545094152627,265.2471853320119,264.0176709613479,403.15741328047574,304.13844400396437,388.3847869177404,272.89229930624384,352.317006937562,213.6212487611497,275.23450941526266,273.7918334985135,356.72569871159567,331.90610505450945,383.82447968285436,323.62682854311197,226.33893954410308,354.90375619425174,299.7104261645194,338.6954311199207,371.72888007928645,391.08681863230925,383.0101684836472,327.699385530228,297.9944499504461,477.6592269573837,380.98966303270566,388.78660059464823,353.50706640237865,375.8962338949455,460.03150644202185,437.55977205153624,444.57905847373644,464.7288305252727,433.21723488602584,255.23063429137764,379.83788899900895,210.00363726461845,244.1625470763132,466.99108027750253,292.6105450941527,521.5605649157582,306.19209117938556,314.9970465807731,388.71655104063433,335.39024777006944
698.3154563106796,497.8314174757281,456.1993786407766,362.3978252427183,506.31955339805825,480.26757281553387,765.7743300970875,558.3471067961163,611.6827184466018,510.6809708737863,701.8069514563105,399.7717281553397,557.0292233009708,411.33464077669896,655.5378058252426,360.06679611650475,756.4996116504851,445.7551456310679,760.7096504854368,529.2681165048542,536.0116116504854,539.7293980582523,611.9723300970873,501.57227184466,562.6853786407765,437.96963106796113,465.08033009708726,556.4469106796116,662.3502116504853,491.74372815533957,504.59036893203876,596.2399417475726,734.8493786407765,559.5798834951455,500.2639029126213,607.6413885436891,610.3592427184465,463.44013592233,493.46392233009703,574.8722524271844,595.7947961165047,565.3719417475727,586.2677087378639,412.83283495145616,759.0160582524271,605.2939029126212,740.6613592233008,576.7666796116504,668.6882524271842,492.00297087378635,506.2856116504853,383.61182524271834,603.4099417475727,668.3392233009707,559.7788155339805,535.1901165048542,528.2921165048542,504.7435922330096,622.4901553398057,572.900640776699
567.824289418778,516.9081967213115,542.1282712369598,451.6708047690015,508.1575856929955,494.7776751117734,753.2152757078986,340.2951415797317,449.99916542473926,374.82968703427724,585.9413114754097,346.5319374068555,465.8058569299553,495.4000596125187,609.5191356184799,388.7645752608048,488.70944858420273,405.7368554396423,632.8788226527571,493.31919523099845,481.24047690014913,431.2474217585693,404.31011922503734,382.05868852459025,400.5670789865872,419.0713859910581,377.4006855439642,431.7331147540984,546.8734724292101,455.0936959761549,454.6911475409836,481.07640834575267,703.2117312965723,551.6107153502236,473.8041877794337,486.56435171385993,397.1827272727272,463.28385991058116,420.6413859910581,517.8525186289121,416.1085692995529,429.34114754098357,391.57897168405367,454.041043219076,589.429657228018,445.45204172876305,526.0676751117735,407.64178837555886,510.5242026825633,455.7229210134128,428.2509239940388,282.8877645305514,381.65916542473923,462.2022950819672,430.2405812220567,500.86494783904624,519.83304023845,435.15308494783903,458.74688524590164,509.52134128166915
423.30161532056616,314.7683263946711,358.3583430474604,263.41077435470436,193.92694421315565,191.1958617818484,455.8847876769358,503.55760199833463,392.1327477102414,387.2142464612822,408.4987676935885,370.62066611157366,285.0566860949208,236.7294338051623,554.5005995004162,304.76689425478764,381.9238384679433,308.20210657785174,489.5404412989175,342.4453122398001,360.58880932556195,397.9736136552871,435.50098251457115,257.0556619483763,287.9287177352206,295.9110158201498,358.32305578684424,330.40638634471264,441.2149292256453,394.98694421315565,414.07557868442956,425.16068276436295,382.8568776019981,367.0164029975019,406.94926727726886,384.07647793505396,430.8553122398001,341.3143630308076,458.4183097418817,434.77258950874267,517.4067860116569,407.6331057452123,448.5997085761864,423.9127477102414,542.2858284762697,400.0574604496253,552.5443547044129,444.6513238967526,465.4106161532056,306.43129891756865,363.0059700249791,250.96138218151538,328.81656952539544,557.4862114904245,441.4234054954204,445.5615570358035,398.435212323064,456.1605245628642,492.6371523730224,390.1699000832639
735.6381343283583,534.7585820895524,576.9131343283584,419.48958955223895,549.6190671641793,495.3589552238807,829.5914179104478,467.29899253731355,659.2476119402986,561.1922388059702,717.2439552238807,461.1973134328359,593.4384701492539,577.1944776119404,818.9685074626867,547.7508955223882,847.3016044776123,617.9242910447764,975.4722388059704,738.8025746268657,654.844589552239,700.3820149253734,762.1008208955227,681.8141417910449,679.67026119403,652.2551492537315,684.2740671641792,596.2567164179105,831.5739925373134,783.6647388059703,778.9983111940301,849.9826865671643,1136.1286567164182,1202.4431716417914,914.0614552238808,908.9340298507465,943.6770895522392,838.9575000000002,771.1994029850748,722.6634701492538,807.4794029850748,750.3005970149255,800.2032089552241,667.7450746268659,957.6226492537315,823.827089552239,849.2672761194033,794.5702238805973,906.5038805970152,650.3064925373136,579.484589552239,426.6967910447762,719.2058955223883,719.2080597014925,670.409813432836,747.4830223880599,735.6859701492539,677.804365671642,645.9439552238807,656.4384701492538
358.1420916568743,430.2759811985899,321.6761927144535,309.90853113983553,313.64952996474733,224.86499412455933,576.1054545240893,392.8437955346651,469.4282016451234,391.8028319623972,515.2470519388954,347.28016451233844,346.38824911868386,509.1156991774384,629.4126909518213,401.8887191539365,454.0383666274971,417.32016451233835,586.1040775558167,435.32833137485306,421.9770152761457,407.4699294947121,366.6065922444184,345.6065569917744,477.7628202115159,331.6799412455934,362.4394242068155,578.597732079906,540.3854641598119,500.17018848413636,401.9057814336075,503.8600705052879,506.5495652173913,470.0996004700352,563.7395064629847,588.5130434782608,446.79802585193886,432.1248766157462,289.9678965922445,621.7063807285546,497.0909400705053,517.5763689776734,574.7561222091656,573.1624206815511,488.85842491186844,405.2288014101058,567.8543952996475,477.42612220916567,451.4954524089306,445.8987544065805,453.7213043478261,262.3031257344301,328.77955346651,349.3287191539367,401.11115158636903,434.9712455934195,461.64746180963573,380.0562044653349,358.3745123384254,315.05508813160986
279.4301344743277,409.7754767726161,365.8585330073351,341.9644376528118,377.36226161369206,294.1565281173595,639.0894376528117,375.3515403422984,486.3582518337409,380.62017114914437,521.1998410757947,289.51623471882647,327.0837163814181,377.478337408313,535.5511858190711,362.5202811735943,482.14583129584366,410.87811735941335,543.7996699266505,416.5420048899757,401.7565647921761,359.8485696821516,383.77207823960885,347.03496332518347,374.1925427872862,449.42515892420545,413.0597799511003,444.2141687041566,478.7942909535453,406.1463691931541,385.9685207823961,408.9164303178485,388.62944987775074,386.8703056234719,426.98509779951115,464.9585941320295,341.74260391198055,405.90228606356976,263.90264058679713,476.5615403422983,389.27369193154044,410.6884107579463,421.20534229828854,524.8961735941322,387.7999511002445,303.50429095354536,500.75646699266514,360.3715403422984,432.6889975550124,329.03690709046464,353.8831051344745,244.86658924205383,373.34290953545246,386.08508557457225,350.4624083129585,421.54927872860645,535.1534963325184,280.37334963325185,338.7657334963326,294.66657701711495
301.3384831460674,211.9191011235955,272.4667790262172,214.51666666666668,247.64177902621722,157.9947378277153,436.9780898876404,315.18773408239696,312.6785018726592,313.0499625468165,341.9480711610487,278.3559363295881,238.6233333333333,145.77196629213483,439.78352059925095,225.88009363295876,281.6731835205993,187.15601123595505,382.1712172284644,236.57853932584274,253.7608426966292,308.718202247191,311.6747565543071,237.3742883895131,199.5601310861423,258.06730337078653,315.63962546816475,238.97735955056177,403.6188576779026,277.71838951310866,208.16953183520596,301.94464419475645,216.14722846441944,314.30602996254686,311.9750374531835,266.01067415730336,318.0743071161048,278.7992322097378,272.0266479400749,411.53359550561794,360.50496254681644,311.2964419475655,343.5663295880149,317.91003745318346,366.5684269662921,290.8386142322097,390.75936329588023,321.9037078651685,489.15559925093635,263.5683895131086,315.90292134831463,105.51464419475656,204.71370786516854,357.40743445692885,244.63999999999996,362.959606741573,339.00801498127333,280.27780898876404,296.9146629213483,297.9413108614232
599.6391463414635,569.7990447154473,589.1102642276423,437.25233739837404,665.4490243902441,642.5941780487806,1093.6228569105692,581.6043699186991,850.3541036585367,689.4052439024391,880.4950203252034,411.7221747967481,451.0852642276423,726.416117886179,815.5682723577237,555.4627439024391,882.6134959349596,666.5444105691058,765.4507520325204,624.5488414634148,538.3276626016261,578.944105691057,503.5317479674798,473.71252032520334,538.5227845528457,611.5730081300813,520.5809146341464,587.4896544715448,623.0943089430896,518.9754471544718,691.3032296747969,679.5512804878051,671.4281910569106,513.7306300813008,687.8626016260163,681.2596747967482,677.4557723577237,589.2172774390244,520.2562804878049,829.3674390243904,742.8419512195123,587.4196544715448,598.8267886178862,658.3307926829268,585.2052845528456,563.2058943089432,745.0150406504065,526.6787398373984,596.9201829268294,428.0264634146343,570.8060162601626,298.39337398373993,623.2884756097563,642.3278048780488,540.9193292682928,651.6315243902441,747.647319105691,486.9972764227643,573.915894308943,415.0803252032521
287.2857014157014,324.1664607464607,334.4982882882883,271.4266023166023,280.58364221364224,219.74785070785072,573.1139253539254,294.9374646074645,317.19303732303734,295.520386100386,376.61631917631917,340.8918661518661,352.5276061776062,438.4976705276706,590.8563063063064,341.35441441441435,415.28707850707843,429.3585714285714,511.7077863577863,551.1705019305018,453.42788931788925,433.49632921492923,485.5556241956242,341.8525096525097,342.02710424710426,303.71940797940795,293.72321750321754,546.1704761904762,398.2272972972973,513.6015057915058,459.4109009009009,502.70195624195634,650.1025096525095,580.0120463320462,676.0669626769627,663.5315444015442,457.9796138996139,472.26429858429856,345.7661261261261,438.90952380952376,480.1446460746462,517.4258687258687,607.7007979407979,358.3617117117116,479.36740025740033,384.4180437580438,471.34263835263835,341.11985842985837,326.2569369369369,306.0113770913771,385.6017889317889,406.804453024453,499.2594079794079,630.3320077220077,687.5237323037322,629.8709523809523,606.764555984556,551.7884555984556,473.23669240669244,583.8317631917632
440.9463636363635,303.6061616161616,328.9357575757575,182.20292929292927,364.0528282828283,276.9083838383838,521.2060606060604,440.2836363636363,401.0767676767676,355.29969696969687,465.77757575757573,209.4514141414141,328.4355555555555,260.20444444444445,536.2150505050504,231.3870707070707,522.0597979797978,291.60111111111104,520.4359595959596,352.381111111111,309.51444444444445,386.16888888888883,558.2569696969696,351.5177777777777,419.4277777777777,388.380101010101,283.3391919191918,337.2713131313131,527.2145454545453,358.47484848484834,367.1360606060606,436.740303030303,562.1466666666664,445.32686868686864,417.74656565656556,376.8201010101009,531.3066666666666,368.7067676767675,387.3291919191919,445.35323232323225,492.710808080808,417.5253535353535,369.3277777777777,311.50020202020204,493.30606060606056,364.9359595959596,562.3785858585857,464.6287878787878,510.00828282828274,370.4212121212121,419.8454545454545,232.98363636363632,426.47393939393936,482.7950505050505,386.0170707070707,332.7065656565656,428.5995959595959,292.03636363636366,537.719595959596,339.46272727272725
534.8083749999998,486.8724999999999,563.3704166666665,473.8371666666665,468.7084027777776,349.7234166666666,988.7289166666665,432.89731944444435,514.6754305555554,510.706861111111,553.537875,484.3974583333332,451.92302777777763,601.9705833333334,836.3066111111109,473.5896527777777,490.5373888888888,460.3310833333333,650.0990416666665,598.5763055555555,579.8374027777777,574.1644722222221,562.5637777777777,520.922361111111,568.1795694444445,445.4723749999999,457.65695833333325,772.4176527777777,587.9592638888888,723.469861111111,628.5584444444444,711.4291388888887,782.4125277777777,637.5217777777777,757.2336388888889,758.3522916666665,646.211861111111,614.0961666666666,332.2473333333333,603.8132222222222,593.953486111111,618.2620694444444,613.6464444444442,472.6771944444444,535.0080138888887,450.3070833333333,556.4400138888889,496.8298055555555,491.61183333333327,467.8154444444443,434.59243055555544,336.99683333333326,454.5669444444444,561.592472222222,594.3770555555554,523.1300833333331,523.3162083333332,473.51927777777763,381.766236111111,575.9553611111111
398.4249471830987,331.06772887323945,397.6890669014085,277.14809859154934,424.8833450704226,309.6244014084507,581.4211795774648,471.6534330985915,457.53987676056346,410.1799119718311,529.5616021126762,294.39625000000007,388.02823943661974,311.4530633802817,616.2688908450705,303.45059859154935,542.7003697183101,369.7123767605635,647.457852112676,429.8459330985916,399.98017605633805,454.711971830986,662.353767605634,388.8025704225353,462.57739436619727,433.6645422535212,398.0743133802817,360.1590316901409,532.6564788732395,393.22637323943667,467.1379929577465,524.2156866197183,643.5388204225354,591.5708802816902,492.5365845070423,415.47022887323953,590.2297711267606,407.6609154929578,381.5928521126761,500.7364964788733,500.9765316901409,482.08426056338044,423.6234683098593,395.4509683098592,582.0869190140846,410.40278169014096,632.0663028169015,496.18890845070433,599.1031161971832,440.2259507042254,412.85929577464793,309.38649647887326,435.7405281690142,538.0586443661973,452.69362676056346,488.5695950704226,503.9641197183099,368.4103169014085,591.4291725352114,384.8578169014085
864.7468234250222,615.8890328305235,553.1756344276841,531.1491215616682,562.2990949423247,575.9082076308785,857.3586690328306,474.11079858030166,656.7301242236024,509.91321206743567,679.9671162377996,544.4805501330967,544.1762023070098,616.2709050576752,681.3385625554571,471.4625732031943,565.6222448979591,466.36642413487135,661.2387843833185,605.0924046140195,564.7218988464952,554.0195208518189,605.8653149955635,540.3306033717835,570.1147471162378,490.63446317657497,517.3379148181011,612.9820763087844,636.0379591836735,580.6319077196096,628.6016326530612,578.2834693877552,890.5119343389528,747.3700354924578,738.2905323868679,621.0348181011535,500.85302573203194,518.3288198757764,564.5329724933451,605.4418367346939,562.5790949423248,578.3120674356699,776.8861047027507,554.2785359361136,1041.7238864241347,949.2899467613132,808.7502250221828,699.3493788819877,709.2030346051464,747.6746406388642,720.0497071872228,571.5240550133096,770.5920763087843,680.0544099378882,907.4070718722271,678.348216503993,737.1429636202306,894.2855279503106,765.0738864241349,845.1351286601597
369.8418804091267,274.90418568056646,294.3599685287176,220.7460424862313,279.8839339103069,245.77373721479148,545.4985601888276,407.1885365853658,363.86051927616046,358.18466561762386,427.5338945712038,295.42230527143977,358.70693154996064,255.1220220298977,489.7948859166012,296.30268292682933,503.50965381589305,295.78816679779703,466.60984264358774,324.62841070023603,293.29397324940993,415.65883556254914,467.2232494099135,301.91351691581434,328.1992840283241,303.35239968528714,352.0171754523996,291.62877261998426,483.5584736428009,354.89641227380014,360.1796774193549,416.4301337529504,462.1086703383163,452.9233123524783,417.18006294256486,331.7077891424076,493.7711959087334,344.9427773406767,322.2921636506687,452.8502202989772,452.845743509048,404.43346184107,393.0178992918962,372.29796223446107,490.5227380015736,396.32476003147127,519.1358300550747,447.02659323367425,554.8470416994494,392.12859952793076,433.3801809598741,243.63704169944924,389.5501809598742,426.50206923682134,400.4707710464201,424.3802911093627,440.5829583005508,358.71707317073174,482.66250983477573,328.356050354052
343.8275859697385,325.92752407152665,299.43926409903696,298.0763342503437,326.41466987620333,282.09347317744135,616.5298280605223,422.9192640990368,392.40632049518547,330.92814993122397,452.35121045391986,284.0479023383767,352.1546286107288,229.12931911966967,558.1956808803297,295.78610729023364,440.16193259972465,336.9988308115541,489.9665474552954,354.5833425034386,298.2755158184317,427.03612792297076,442.37748280605194,297.16671251719373,312.99378266850044,369.19350756533674,379.005914718019,290.6258596973863,508.02286795048104,423.14171939477285,379.1339546079778,506.61187070151277,435.37700137551553,534.3131705639611,460.4615612104537,375.41991746905063,484.0625515818429,323.53808115543313,344.8060797799173,523.3819463548826,458.24948418156777,404.4500412654743,386.29596973865176,510.83827372764745,544.5089752407149,481.8416368638237,590.3804951856943,412.3237689133423,641.0427785419528,389.053149931224,412.9162792297109,196.07886519944964,363.15145116918825,480.434807427785,352.27448418156786,431.3789614855568,403.80488995873424,353.39519257221434,458.241292984869,319.3177166437411
308.599951076321,295.2028767123289,339.38473581213316,227.7291976516635,370.7440606653622,353.4755577299414,658.8975636007831,320.11747553816053,439.6096868884542,354.24494129158523,485.95188845401196,197.07749510763216,310.24838551859114,336.76779843444234,510.2553131115462,332.7316438356166,464.34371819960876,329.81982387475546,472.10477495107654,388.77859099804317,334.7400782778866,368.86521526418795,317.8982093933465,284.68607632093943,306.5261937377692,374.5393444227007,306.1694129158514,331.6443737769081,378.84505870841497,340.1090410958906,381.5583659491195,495.3306751467712,459.8734637964777,464.93082191780843,415.4654696673191,357.664951076321,376.29380626223104,332.5057142857144,301.307191780822,480.4652054794522,405.0575048923681,365.2544911937379,329.6640998043054,471.69984344422727,459.76867906066553,388.96168297455984,477.8169178082194,328.18591976516655,461.3867612524463,305.2951761252447,352.2515068493152,207.04334637964786,313.3388258317027,431.7472211350295,300.23694716242676,463.8408219178084,407.74800391389454,266.23053816046973,381.2952544031313,298.20366927592966
692.9234663971706,543.8415765538153,543.1263011622033,572.0320262758971,489.9595300656899,461.25570490146555,904.7036078827697,400.10450732693295,556.9924658918648,445.393087417888,593.065876705407,493.84025265285527,466.439989893886,526.6915816068724,674.6873875694798,402.4430773117738,566.1067003537142,495.18940879231957,687.58019201617,625.1523900960084,539.1485497726127,525.5021879737244,553.5154421424966,500.9989641232948,542.5628650833755,451.3649014653867,453.9451086407279,733.1323211723096,623.7560080848916,699.7630687215768,692.7514451743309,666.7093867609906,897.2245188479034,794.1369631126837,902.9793885800912,707.4353259221831,556.3305356240528,582.9909701869634,458.9316270843862,494.11652854977285,608.0123143001518,628.5470338554829,744.5609802930776,506.1115260232443,787.0267054067714,803.9990601313799,883.8371450227392,643.0130520464885,584.3276099039922,546.7770035371401,557.0651591712989,431.74581606872187,538.2003233956546,623.1803233956547,895.364754926731,690.2667003537143,560.6740323395657,622.1193936331484,615.6992470944926,641.978509348156
684.0284615384614,518.3084615384615,516.8293269230769,382.3410576923077,534.4949038461539,494.02750000000003,828.5720192307692,484.9249038461538,677.5701923076922,567.6723076923076,710.2040384615384,462.3791346153846,572.7248076923076,480.14692307692314,723.9153846153847,482.06692307692305,766.4920192307692,562.5673076923076,847.5929807692307,597.5973076923077,558.4385576923077,619.6192307692307,755.4626923076922,621.0340384615383,641.9364423076922,605.5497115384616,602.0353846153847,595.7172115384615,815.2786538461538,666.5264423076923,684.8053817307692,693.7328846153847,951.4449038461538,798.6352884615385,613.1993269230768,699.1058653846154,711.7914423076923,634.8082692307692,651.3611538461539,693.3820192307691,727.4578846153845,664.4393269230769,667.8768269230769,529.3361538461539,888.5111538461538,714.7991346153847,825.9733653846154,734.8226923076923,808.7092307692308,621.6633653846153,599.9269230769231,431.4764423076923,707.496923076923,728.0914423076923,652.21875,640.5883653846154,632.5917307692308,574.0047115384615,677.0638461538462,632.5184615384615
822.9497877358488,585.9976729559748,532.0088050314464,511.0233883647798,603.0047955974842,610.2520125786164,898.1095125786162,520.2780503144654,707.3948584905659,554.2754245283019,737.4685141509433,580.2344261006288,569.4325628930816,602.7447720125786,724.7629481132072,440.935896226415,694.504976415094,518.0972720125785,779.387932389937,622.137751572327,612.0935691823898,621.5392452830187,669.0096933962263,578.2939858490564,605.0066116352199,542.6000078616352,663.9208726415094,641.6444712264149,622.3621441823898,619.9330581761003,615.0668626572327,664.2019261006288,982.6274685534588,772.4411635220124,764.4945990566036,653.7965801886793,516.4767845911949,564.3765094339622,571.9431525157231,595.7044511792451,606.1448427672956,582.9421698113208,728.5365880503144,442.0453616352201,830.1172005503142,714.9658018867923,719.5729795597483,612.4548191823898,548.1257468553458,634.906006289308,475.49661949685526,498.7433805031445,705.4473427672956,617.4665644654086,701.0185220125786,558.3052358490564,644.6042610062892,654.6200393081758,576.9961399371068,677.3849921383646
793.9363387412585,712.3573286713287,683.8695431235429,526.1420745920746,607.747006993007,581.0594871794871,986.9881853613052,504.5031748251747,651.802923076923,563.8113752913752,690.4017249417248,597.7185128205127,551.242825174825,753.5873613053611,831.0495897435896,578.2430519347319,616.6062097902097,556.9696130536129,841.0020839160837,702.2213240093239,632.5235694172493,615.1061678321678,561.6446713286712,530.5697529137527,563.521212121212,454.72341724941714,532.0612465268065,724.5942404662003,638.3855029370627,682.7270536130535,662.3796783216782,642.4289976689975,846.4833212587412,716.6800139860138,783.4568484848484,766.2605034965032,551.6881398601397,610.4491142191141,491.99855011655006,658.1391282051281,593.3669883449883,619.3627226107225,768.8094592074592,551.4687878787877,866.0703048018646,753.2147785547784,707.9994358974358,555.6356550116549,668.0260046620047,603.1118228438228,544.7534265734265,446.7244149184149,603.2393193473192,584.5732587412585,705.5816037296036,614.6362564102564,659.9858397202796,728.9178275058274,608.9186573426572,657.5030815850814
767.6788306451615,862.9127553763443,728.3117741935487,662.675241935484,652.2817338709681,575.6866666666667,1219.874422043011,705.4026209677421,865.1741129032259,755.0739650537638,859.6867473118283,712.2160618279572,724.3817741935487,939.6966532258067,1129.3159811827963,696.1948252688173,775.7878763440863,691.0717876344088,1018.2258467741938,835.3510887096777,803.7515591397851,756.2909091397852,730.2393548387099,674.167056451613,909.2489650537638,591.1349327956991,650.4899462365594,980.6101612903228,825.5257258064519,922.7135618279574,900.581532258065,890.9050268817207,875.3997043010755,1050.8478763440864,1100.5811021505378,909.450994623656,852.552607526882,827.4900806451617,629.3126881720432,1165.3746908602157,810.2904166666668,755.5672043010755,803.8365591397851,840.4413172043015,818.1245698924736,818.9032123655916,940.4654838709681,833.5771908602153,878.954422043011,955.7961913978496,801.828172043011,515.481478494624,719.7728763440863,915.9936155913981,888.4192473118281,923.7638844086026,976.6722715053767,785.8936021505378,678.9807526881722,777.1384139784949
407.88232668566,450.35607787274466,399.00307692307695,354.3608072174739,493.4329439696105,375.2616334283001,777.4506932573601,419.84103513770185,572.95616334283,508.3144064577398,634.1192212725546,336.09122507122504,384.0911775878443,446.82362773029433,600.8221367521367,441.48811965811973,570.6840170940171,578.3877587844254,622.1560683760683,455.699943019943,415.4321082621083,484.0481101614435,525.733779677113,380.0140360873695,442.53465337132013,576.1768566001899,484.20109211775866,463.2918898385566,550.0992782526115,524.6232383665717,596.8076448243115,605.9873504273504,558.199886039886,472.99857549857546,514.2271699905033,605.9744444444443,571.1087844254511,542.2600759734094,405.75331433998105,626.0327635327635,559.967910731244,521.4068755935423,532.0515954415954,523.3979297245963,504.89218423551773,535.3386799620133,715.897511870845,523.3625925925926,559.4642070275404,411.5825356125356,436.3910161443496,258.44430199430195,520.9833903133903,613.9715764482431,533.364643874644,425.4503228869895,542.1051566951568,412.63523266856606,464.97897435897437,388.7843399810067
804.9989253996446,555.3441918294849,542.6890852575486,593.5073090586144,589.0273001776197,606.6995272646536,799.4783023090583,502.69293960923613,595.1284813499111,496.7919626998223,691.0034458259324,527.7783925399644,521.4035435168738,530.8709325044404,645.9218561278863,434.4838454706926,676.7356216696268,575.9336412078151,669.562859680284,591.3012522202484,572.3401509769093,608.6731527531082,697.084156305506,542.0477961811722,588.2927264653639,512.0559857904083,666.9612877442271,637.4501389875664,522.0343339253994,591.8461989342806,625.171641651865,625.6031616341029,872.3316074600355,650.7177797513319,747.2100164298399,613.9787122557725,536.4084724689163,546.625861456483,520.0729484902307,621.4720603907637,570.060941385435,659.607051509769,653.7135790408524,415.9967229129662,840.3914964476018,722.3384991119002,768.5875570159857,613.1527531083481,598.7613765541739,622.9734273534633,506.69685612788624,464.1643872113676,706.6568827708702,647.2114387211366,723.8101065719358,590.3290053285966,652.2790476909411,618.0249644760212,637.0518796625221,676.0962078152752
495.3353725490197,376.5350588235295,390.1842549019609,295.04331372549024,441.83672549019616,323.6750392156863,599.5836862745098,446.48013725490205,501.46256862745105,415.09547058823523,551.1553529411765,291.38739215686275,422.37133333333344,345.1363529411765,574.410431372549,327.23333333333346,580.601980392157,357.0088627450981,676.9381568627452,475.6670980392158,411.3651764705882,459.4524705882353,622.3721568627451,407.9350000000001,488.1650000000001,449.36843137254914,374.8631372549021,382.1006862745099,594.2224117647061,439.42066666666676,468.4194117647059,542.4701764705884,661.2524117647059,580.9350000000002,472.36631372549033,475.14341176470595,632.5181568627452,441.61915686274517,449.66115686274514,528.2261568627454,549.187705882353,478.2739215686276,424.61580392156867,401.46423529411777,593.3004509803922,471.8545882352942,652.747529411765,535.9235686274511,607.7206666666666,438.4410196078432,465.0405490196079,323.8162941176471,448.7620392156864,616.0459019607845,472.44000000000005,506.1959411764706,497.08954901960783,370.63668627450994,602.8952352941178,437.1510392156864
370.52296675191843,251.05740835464638,339.33598465473165,254.72109121909645,174.9926001705031,169.81815856777504,370.5265728900258,432.490750213129,354.73807331628325,348.5770588235296,407.666445012788,346.48225916453555,245.65918158567789,223.15046035805642,481.8639897698212,284.44087809036665,364.8523358908783,299.2469138959934,494.44269394714445,279.14302642796264,333.1647655583975,350.4755413469738,368.2586274509806,258.5160528559251,243.22190110826952,271.5075191815858,348.5364876385339,343.5885336743395,368.94049445865323,346.3315856777497,318.19048593350396,416.91351236146653,345.66398976982117,333.1531969309464,359.10375106564385,353.53959931798835,372.76176470588257,307.83339300937786,408.6333930093779,400.7649360613813,454.55786018755356,364.9581244671783,426.4570588235296,392.60030690537104,459.6846803069056,432.49142369991495,512.2650383631717,425.82363171355524,438.3375021312875,279.883222506394,332.244970161978,220.52398124467192,285.28348678601895,513.4798039215689,406.093844842285,495.67842284740016,370.56090366581435,361.2608269394717,380.6643478260872,343.445464620631
516.3886689419797,326.3241569965871,342.00605460750864,206.29597269624583,272.6024300341298,261.7445119453926,570.473720136519,514.2591331058022,371.33200000000005,448.71241638225274,431.52379522184316,413.38726279863494,401.81080546075094,237.9458156996588,576.7216996587032,347.72781569965883,407.6924095563141,322.2479112627987,453.8953105802049,356.7815699658704,390.1636723549489,469.66262798634824,484.39156996587053,305.37152218430043,349.2191126279864,298.00259385665544,370.7429761092152,337.8053515358363,526.5621843003414,435.48424573378855,454.3627235494881,467.6960682593858,436.8666894197953,423.2255904436862,411.71261433447114,363.3960546075086,486.03279180887387,390.18167235494894,387.1305460750854,462.2892969283278,546.2804232081912,459.8799522184302,450.62823208191134,425.8002047781572,600.85223890785,461.1741979522186,546.0267030716725,458.8633037542663,528.441672354949,426.34002047781587,394.3946894197953,241.01802047781575,372.0560750853244,410.33096928327654,430.2978498293516,441.20804778157003,420.0434402730378,515.7507849829353,630.5501911262801,488.28434812286713
1058.6970449612404,842.2956976744185,755.7511240310077,673.172558139535,745.7691472868215,758.2311627906977,1039.3307224806201,615.953023255814,733.330930232558,594.5800775193798,773.2474031007752,634.6737984496124,672.1232945736435,758.803449612403,785.5313953488372,574.818449612403,723.5136821705426,573.3910077519379,827.8840310077519,731.5526744186046,769.3839534883722,686.6475581395348,670.7010077519379,625.1498837209302,698.6037209302325,550.0006976744186,657.6622868217055,666.0060852713178,889.9169767441861,644.5784883720929,628.8243023255814,600.3936046511628,885.7933333333333,747.6250000000001,698.0520930232557,669.5278294573643,523.5719379844961,530.7133333333333,556.0114728682171,638.370503875969,573.0387984496125,616.3356976744186,644.2658527131783,497.5950775193798,895.9711240310075,930.3768992248063,702.9759302325582,630.2976744186046,764.1119379844962,745.4531395348838,668.5028294573644,472.6184108527132,620.2393798449614,579.7541860465117,704.9674806201551,634.3962790697675,666.180503875969,743.3310465116278,726.381511627907,726.0601550387597
534.2147571942445,553.6842535971222,481.0991456834531,496.91093525179855,496.0605665467625,331.99934352517977,922.1812320143883,437.52214028776973,550.9349460431654,489.2623201438848,560.9431205035969,450.3617535971223,462.23141187050356,519.089775179856,750.4570953237406,464.30105215827336,431.00536870503583,454.06977517985604,719.542311151079,534.1771043165467,557.6145683453236,592.0649280575539,506.2544874100718,498.6030035971222,568.7153057553955,436.86204136690634,380.20169064748194,717.1290647482014,566.5504676258992,649.1446492805753,555.3716546762589,688.9845593525179,659.9598561151076,626.3677248201437,615.4489208633094,789.065251798561,636.8453237410071,576.8697302158273,335.29857913669053,753.7003327338128,582.7646492805754,663.0163309352517,688.7518435251797,669.3697931654675,567.1136870503595,574.4731115107911,779.1245233812949,626.1473741007194,646.0933633093523,582.7272212230215,533.3611061151079,368.49595323741,486.7136420863308,705.3089208633094,718.1776978417266,576.2624100719423,642.9565467625898,636.8959622302157,466.1681384892085,604.7076258992804
776.1505617977535,482.54120224719145,509.49982022471954,446.1795337078655,564.5961460674162,521.2613370786521,754.2918605056186,611.6793483146072,562.2778764044948,419.5863595505622,722.2825617977533,469.47379213483185,493.9339213483149,410.3667752808992,610.2247247191017,378.1535449438205,728.6579044943827,488.99624157303407,667.6250505617984,567.9865337078658,563.3609213483152,541.3933483146071,621.3083483146072,470.8963370786521,544.2777247191016,448.0044494382026,509.32229213483186,548.147494382023,637.4036404494387,576.9381685393264,494.11919101123647,573.7320617977533,736.3401123595512,594.9123876404499,563.0665505617982,544.3606292134835,520.9262752808993,510.98576966292177,527.2856179775285,649.5659335393265,593.2350337078657,640.0714044943826,648.4381348314612,457.41704494382066,816.3745878651691,673.8892584269669,794.5048089887647,617.1984213483152,672.2869438202252,578.4113764044948,541.4086573033712,454.0146067415735,709.742578651686,716.2202191011241,641.8765842696635,584.2187865168545,631.6401179775286,616.7024550561804,733.2872359550569,712.8321404494388
385.2707389937104,327.93635849056585,384.7453679245281,317.83521698113185,406.4736477987419,287.02492452830165,484.49845283018834,454.1704622641507,400.82778930817585,413.9363396226412,413.22399056603746,278.7106603773583,296.8074276729558,286.62149056603755,521.38465408805,358.3920849056601,410.70866352201233,351.64892452830173,528.307619496855,362.8504308176097,417.5457295597481,358.34905974842746,429.7144213836475,300.3835220125784,328.8215503144652,370.0185408805029,389.42206918238975,381.25055660377325,536.6789150943392,346.2856446540878,508.6614654088047,412.1048962264148,414.1425314465406,454.14799371069154,395.1876383647795,503.236833333333,494.4732484276727,428.4101886792449,349.3632389937104,498.12253773584877,438.4317295597482,460.01779559748394,422.8240974842764,470.95682075471666,440.340795597484,423.37751886792415,539.4800974842765,477.40503459119464,539.2843742138361,370.0868647798739,357.57885849056584,295.9471037735847,354.430468553459,514.9248553459116,420.44314465408775,460.9993207547167,364.6186415094337,335.54130188679227,419.6422515723267,428.9731037735846
396.70076566125294,263.09032482598616,286.3707134570766,225.46581206496523,242.56065545243618,209.89854408352667,493.82345707656617,367.8951740139212,324.56432134570764,343.9387470997681,353.9774593967517,330.9320765661253,325.9399129930394,190.1475580046404,460.11104408352674,262.2379002320186,401.0067459396752,283.03268561484924,377.0895823665894,292.92333526682137,275.2952030162413,375.5014153132251,429.7120533642692,269.11790023201854,254.7943851508121,275.6314095127611,364.5956902552205,277.81161832946634,465.3645591647332,370.1398201856149,348.5762819025523,352.32533642691425,351.62339907192575,406.4551856148492,373.16087006960566,325.8799477958237,474.6266009280743,361.7345475638051,325.3432540603249,451.3498491879351,440.02015081206497,385.4306380510441,383.4757482598608,353.5654408352668,459.4159628770302,371.2848549883991,446.49921113689106,439.01143851508124,511.70974477958237,338.66970997679823,420.7489095127611,219.76383990719262,282.8753944315545,388.4024709976799,348.039680974478,389.8204292343388,368.6189211136891,342.6674071925755,404.67294083526684,322.2006786542924
447.11871637202137,396.6069946195234,426.9956571867792,253.0288777863181,414.68659492697907,374.7655572636432,450.39876249039196,495.66663335895447,380.71528823981544,395.0326441199077,454.1334435049961,493.02106840891605,459.47569561875474,273.627340507302,518.8776863950806,422.75867794004597,495.62264688700986,388.0795311298999,449.77063797079154,351.5929823212913,413.4035895465026,423.9258877786318,499.28700230591835,258.7355342044581,359.62387394312054,291.67061491160644,414.4819369715603,335.2874173712528,529.6564335126824,333.5229054573404,493.9588700999231,501.4556648731743,469.7358724058415,373.3294235203689,410.99964642582626,431.2638278247501,515.3750192159875,394.73149116064553,384.9958493466563,451.5632129131437,353.77632590315136,450.31853958493457,419.4997309761721,365.1356341275941,516.5573943120676,511.0718063028438,497.89650269023826,469.603920061491,457.99187548039964,349.31022290545724,380.00232129131433,231.99667179093,376.0958647194464,393.95286702536504,429.77470407378934,292.72753266717905,411.8027056110683,381.3354189085318,602.4231206764026,420.6293312836279
363.7365907099038,301.22929009640677,386.55237072743216,367.76985977212985,303.16954864154263,233.6403418054339,680.3190227870291,269.42580192813324,319.62275197195453,293.86736634531127,419.9053155127083,296.8455477651184,356.2804645048205,367.9216082383876,646.5707099035934,365.20147677475904,431.9808588957057,406.3308632778266,530.2608326029799,503.47341805433854,370.97596844872936,418.73018755477665,440.0133304119195,349.7978045574059,432.2433391761615,296.59383435582833,311.77117440841374,500.51163453111326,404.4327826468012,507.53470639789674,463.4958545135848,472.53050832603003,676.0044741454867,579.7804907975461,657.0456573181423,526.1335232252412,531.1826993865033,408.4635100788783,307.2081858019282,429.1115994741456,468.1778746713411,488.6018930762491,597.1375197195445,362.78028921998265,492.8648378615252,470.4648466257671,552.7050482033305,391.802879053462,360.33450043821216,337.5099912357582,381.01161700262935,346.97226555652946,398.89148115688005,576.4319149868539,636.7242024539878,547.8442857142859,504.96134969325163,469.38131025416317,428.34137160385643,549.8708413672219
866.3920954003405,941.4789267461667,714.9444122657579,723.5291141396932,756.0549063032366,614.3657482112434,1116.9707172061326,733.0699659284495,971.9632180579215,729.3520442930151,955.5311584327086,707.2655706984667,639.0218568994887,941.7307495741055,1125.972964224872,716.3441396933559,825.3810282793866,742.5513458262349,987.0798126064735,925.484957410562,890.967904599659,819.1931088586027,712.1194718909708,679.51804088586,1018.9193015332195,681.5240715502554,583.113747870528,1099.4272742759792,1206.513492333901,1166.7414517887562,745.8578875638839,872.7417546848379,830.7602555366268,988.7475979557069,1226.929131175468,942.4858091993184,776.4856047700167,753.7737478705279,673.148688245315,1175.0035604770014,858.0981260647358,772.8795400340715,921.3026064735944,1020.2151107325382,954.579964224872,792.9511925042589,1120.676100511073,933.2482282793866,937.2697103918224,987.2939693356046,923.7616695059622,294.8370017035774,468.7386201022146,592.6073424190799,577.579352640545,664.6098296422484,696.671890971039,503.5309199318568,459.51562180579214,510.79301533219746
457.99820141669284,389.8134554973825,389.7912411456733,410.8807884200805,353.0628272251313,335.5214197720976,569.787754850632,251.74337542346805,386.41878965198686,311.2972836464432,397.94989220819264,278.20464120726854,321.44928857406865,440.0739975361877,486.5415799199267,297.41270711425966,429.83318755774604,379.4177425315679,445.70302125038546,392.2769109947648,379.3172436094861,332.4263997536191,416.2233569448726,341.8646689251621,405.8856544502621,303.6195626732371,327.7701108715741,459.36645518940605,449.188287650139,425.3116538343091,508.1893686479833,464.3859870649836,565.0966091777032,502.77586695411196,482.6918786572225,492.35290113951396,361.37503233754273,285.9024699722824,256.79432091161095,371.43538651062556,336.3560856174934,379.74631659993884,456.2794425623657,327.0206375115494,498.5345888512478,438.58243301509134,554.0438312288273,464.75488758854374,431.3135694487224,386.9050939328615,340.1131259624272,293.7130058515556,355.6753587927321,369.596997228211,502.9865537419161,408.53837696335114,438.89628075146334,404.49562365260283,430.9399538035114,452.25011087157407
420.1236524300442,376.12183357879235,433.50304860088363,398.27421207658324,399.7319293078056,251.5718851251841,744.8043667157585,316.175559646539,377.42994108983805,360.57061855670105,406.9883652430044,341.6742047128129,339.57918262150224,402.920147275405,608.6752430044182,334.2239911634757,315.65225331369663,332.61718703976436,501.95620765832103,414.11411634756996,404.5510751104565,415.27874079528715,406.577761413844,364.6497128129602,394.5789690721649,307.61445508100144,283.2065169366716,583.4104344624449,432.33167893961706,462.6681296023565,397.62729013254784,502.8195655375552,525.3016273932253,416.1584683357879,501.15238586156113,598.8270913107511,476.3046980854197,439.7066642120766,233.29426362297497,448.0716421207658,402.2054565537555,505.5834904270987,504.90087628865973,406.2160456553756,447.18492636229746,441.0691973490427,497.6356553755522,423.9452503681885,335.14422680412366,363.721001472754,314.44486745213555,251.58047128129604,319.2202209131075,406.62633284241537,438.8963770250368,359.79790132547873,391.73165684830633,396.18973490427095,284.41187039764355,456.17949926362303
296.4751710261569,446.6519517102616,413.39248826291066,329.9900938967136,303.7123809523809,256.20201877934267,648.938900067069,295.3322468142186,345.9783098591549,381.7836418511066,430.2290610328638,372.5173641851106,354.90456740442653,415.8857679409791,610.4210798122065,333.93263581488924,378.9528437290408,343.7264922870556,473.3034942991281,447.459369550637,382.7870020120723,377.5272434607645,387.44062374245465,357.1252112676056,367.5920791415156,283.0288128772635,328.1597920858484,489.4206505700871,379.247565392354,430.44242119382955,460.6009456740442,443.05620389000654,589.547216633132,500.12110663983896,549.2127230046947,558.5718242790072,480.9699999999999,405.1611468812877,263.2977531857813,468.00767270288384,388.5284775318578,459.0858148893359,479.1450570087189,395.6797786720321,532.9324815560025,461.0181019450033,538.6332461435277,454.9964989939637,447.16289067739757,381.579483568075,425.4494701542588,345.11423876592886,394.8558953722333,481.05600268276316,456.9254191817572,497.80884641180404,527.6513615023474,395.2260160965794,359.6097786720321,463.2022870556672
384.90101351351353,296.66471846846855,361.8730743243243,254.02908783783786,340.4342792792793,355.85365990991,414.5070495495496,405.0850112612613,324.31393018018025,275.7068918918919,405.9856306306306,381.54259009009013,330.5403941441443,229.2766666666667,452.21614864864864,289.71280405405406,463.465213963964,299.6964301801802,360.61557432432437,306.7251126126126,282.79894144144134,334.6461373873875,415.3405067567567,228.25559684684686,342.9605292792793,251.51891891891893,284.3038738738739,339.1159797297297,483.22242117117116,298.66218468468463,402.7510923423424,389.7611148648649,428.43020270270273,371.94755630630635,360.39645270270273,336.2737725225225,424.33075450450457,292.6462387387387,363.04905405405407,455.3975900900901,316.92708333333337,380.8288851351352,380.9878040540541,284.43240990990995,440.0676914414415,364.5133671171171,454.97412162162163,414.19800675675674,441.5138513513513,324.14959459459465,413.7646509009009,198.1114864864865,386.90031531531537,348.0622297297298,396.6647635135135,298.9104617117117,340.1251013513514,355.5831306306307,456.5368693693693,389.5786824324324
298.62019253910955,208.87543922984358,319.89323706377854,245.13830324909748,284.25368231046934,193.73770156438027,410.77203369434426,338.0260649819495,248.63900120336947,318.61864019253915,296.1655114320096,243.00604091456083,217.38564380264742,174.71963898916968,416.0574007220217,270.6866787003611,274.92134777376657,197.35249097472922,341.92326113116735,245.87501805054154,298.2317930204573,268.09270758122744,315.36902527075813,216.83925391095067,210.90518652226237,243.9893140794224,279.16768953068595,267.8730806257521,384.8644885679904,269.90599277978345,214.31427196149218,288.81730445246694,277.4872442839952,335.76683513838753,337.1326594464501,317.0148375451264,342.2186281588448,289.5921179302046,240.21929001203372,425.1978098676294,322.97204572803855,343.73534296028885,299.1618531889291,306.0370637785801,366.16110709987964,334.54371841155245,417.68531889290017,366.25891696750915,435.15954271961505,267.574055354994,316.25565583634176,126.47187725631771,232.378844765343,384.5041756919375,254.44812274368235,415.9898074608906,293.9677737665463,286.5112274368231,301.53357400722024,315.1259085439231
537.2795555555555,654.9724444444445,620.6938055555556,458.0639722222222,530.3073055555556,466.43927777777776,917.1740555555556,555.7803333333334,589.1448055555555,620.1949722222222,721.8923055555557,612.7177222222222,605.9671388888889,770.3356944444445,878.2298055555556,526.9768888888889,615.4770833333333,583.7385555555555,805.713638888889,776.28875,637.16625,633.58725,695.4676666666667,611.4233611111113,707.9660277777779,471.5551944444445,597.8820833333334,743.55675,690.8843888888889,674.3441666666668,776.4119999999999,804.7088611111111,969.1030277777778,896.5241111111111,851.3622499999999,839.7276666666668,622.1234722222223,735.3498055555555,424.21408333333335,784.5609444444444,669.0310555555556,705.3352777777777,700.0271944444445,640.0920555555555,815.20425,688.9953055555557,817.5628333333334,649.6082222222223,715.1648055555556,646.9071111111111,673.4995277777778,541.8756666666666,640.4077777777777,750.9599166666668,726.4461111111111,650.7288888888888,704.1864444444444,599.3116111111111,603.265,602.2387222222222
489.8997154202517,431.90913302448735,452.5137789543351,390.196313699537,441.73983454665813,392.7542753143616,689.8475777630712,369.20684976836554,498.44125744540065,382.0606882859036,524.1165188616812,311.6251555261418,431.71606882859055,406.1434414295171,542.1047584381207,392.69042356055616,491.194626075447,392.3722964923894,633.4514824619462,498.2263269358044,431.55052945069514,411.82939113170113,464.99105890139,401.5832892124423,418.65459298477856,435.41285903375274,382.4955923229652,321.7240701522173,495.40088682991427,453.6264592984781,488.30041694242254,504.0981403044344,565.6120714758441,617.4264129715424,493.43624751820016,469.53207809397776,484.45966909331594,460.50789543348805,431.69020516214465,527.7493580410327,515.3003904698878,413.9690668431505,410.70012574454023,466.8820714758441,602.2497021839845,488.1787028457978,547.3967438782267,473.5393646591664,559.8032097948383,417.8031767041697,438.6725148908011,302.73606882859053,427.2213103904702,501.52369291859725,436.73699536730663,552.0964791528792,519.7189278623431,417.19575115817366,492.17647915287904,431.93771674387847
598.2996356275305,343.813967611336,458.429979757085,346.9654858299595,392.8405263157895,382.8544736842106,411.9225303643724,563.3571052631579,455.42597165991896,407.37927125506076,441.936052631579,549.5425506072874,402.93495951417,293.2253643724696,546.8756680161943,495.3392307692307,522.339028340081,290.1836032388664,468.55311740890687,301.7817408906883,527.1906477732794,478.7363765182186,547.6424291497975,273.8984210526316,419.992024291498,281.98157894736846,500.42866396761127,291.6128744939271,490.8171457489878,426.06868421052627,584.5667611336033,598.0617408906882,449.98313765182183,397.54995951417004,396.3362145748988,389.4702226720647,513.9291295546558,424.1131376518218,408.6851619433198,407.73050607287445,469.7476923076922,421.12030364372464,495.11564777327936,379.70574898785424,467.07368421052627,630.1255668016195,424.06,442.7077125506072,485.46659919028343,351.8421255060729,511.1733400809717,304.8078340080972,339.4920445344129,508.94789473684204,423.3660931174089,393.931943319838,491.21020242914983,488.8267611336032,685.3882591093118,424.9413967611336
1121.8471697947218,835.9017595307921,748.8220821114375,668.1560557184754,703.4119208211146,694.8123607038126,1101.189179178886,582.7831085043991,780.813739002933,703.0955718475077,831.7095894428156,663.1047067448683,645.5251466275664,899.0666862170092,935.7350439882703,673.1073313782995,735.1171260997071,660.897565982405,882.659868035191,831.9065689149564,886.6909384164227,843.8514956011734,799.8565542521997,759.5683137829915,821.8219648093847,558.8999560117304,653.1433887096778,974.6598608504404,1122.26632653959,883.2594721407628,907.6317595307924,865.1898826979477,1211.3064539589448,1116.0718914956017,1098.9806891495607,890.7487829912026,722.2616422287393,701.6842082111441,735.1127272727276,774.591803519062,754.5554398826982,789.1990029325517,971.6581818181822,670.2111876832848,1161.7919517595317,1022.9732404692088,881.4834164222879,801.1593695014668,822.6580645161293,769.8517741935487,741.0128299120238,563.6251026392965,734.369061583578,725.1161730205282,998.007170087977,744.9508064516132,829.6921978005869,985.7791642228743,847.275557184751,911.5948387096778
423.8456081708449,245.76377901578454,311.12106778087275,244.9480315691736,247.85424326833794,246.42396471680587,427.3320055710306,428.7999907149488,368.4630826369544,338.48328690807796,421.72662952646226,348.79317548746513,285.15023212627665,294.1729805013927,605.007558031569,338.0767409470751,345.95787372330545,305.49864438254406,512.3914020427111,316.0750324976787,378.63770659238617,381.8332590529247,419.18650882079845,232.62757660167128,375.7852553389043,332.92376973073345,370.32058495821724,411.86247910863506,405.3290807799442,353.6044568245125,338.1209749303621,419.28062209842153,310.7818570102135,396.2256731662023,385.98426183844003,478.64377901578456,408.19743732590524,383.6142246982357,403.76670380687085,433.37637883008347,463.7031940575672,459.5790064995356,512.1437604456823,463.5488672237697,404.833166202414,561.6365088207983,531.7972980501393,520.3543732590527,491.70985143918284,375.46265552460534,389.8242154131847,272.7825905292479,324.24804085422466,578.568077994429,387.8662116991643,590.8494243268336,341.21675023212623,340.79960074280405,414.6878830083565,315.9474466109563
328.02404896421825,283.3466478342748,283.2963841807907,237.56023226616432,341.6582548650343,241.91430634023837,546.6484620213429,342.6054551161329,388.39890144381644,368.4155555555554,400.31242937853085,262.585448838669,234.06860640301304,234.60604519773995,453.4535781544252,252.17237288135576,384.81763967357165,259.1181293157563,377.59540489642154,308.0959635907091,242.77948524795966,350.71151286880075,344.3362837413683,246.1222410546138,269.86121155053337,328.82251726302553,281.1535593220338,264.90222222222206,390.81604519773987,319.97771500313854,297.7075266792214,415.1751035781541,328.7072818581291,382.60878217200224,383.72594475831744,341.5819083490268,356.6811927181417,316.2355053358441,278.9932956685497,446.48077212806,402.58247959824206,327.72314500941604,342.05830508474554,399.96748273697403,385.3342121782798,388.1475831763965,432.00053358443165,329.82015693659736,394.09066541117363,317.729064657878,334.6847143753921,122.31953546767097,269.2849717514123,390.7198807281855,298.2663465160074,380.01432517263004,381.5450533584429,279.0373760200877,338.35219083490244,288.9855681104831
534.6098490230909,444.35959147424535,466.3136900532861,463.84926731793985,383.60167406749576,387.1037966252223,692.2463632326825,314.55386323268226,426.5894671403199,388.00797957371253,505.9924378330377,369.9466829484905,345.98088809946734,467.9298490230908,566.6207637655422,340.564071936057,504.235523978686,458.7115142095918,558.3925976909418,474.5029840142098,388.975830373002,437.17969360568407,482.26894316163435,405.20357460035547,471.4726332149204,357.1481793960926,365.6841918294851,518.4903463587926,518.8012699822383,505.30056003552437,577.9920071047961,538.4616518650091,671.9572208703378,614.4462966252224,621.8482859680288,588.801345470693,507.0357593250447,447.4408925399647,379.6348845470695,380.81191829484925,505.68521314387243,506.43923179396114,548.6852264653645,376.18940053285985,604.6052531083485,604.9424467140324,710.3290497335706,558.814240674956,469.90261101243374,463.1449200710482,445.27777975133245,319.0454262877444,402.7371580817054,425.485737122558,574.5006571936061,494.72870337477826,484.60010213143903,445.4213543516877,472.4638099467144,499.1750310834817
381.6561285008237,507.64408566721573,397.3061614497527,313.4584514003294,339.73586490939033,280.06479406919266,589.5245542009884,436.40413509060954,571.3892560131794,407.7383360790773,536.1247940691927,377.85476112026345,337.7382866556836,516.830626029654,636.3137232289948,373.04874794069184,515.3253542009884,458.6786326194397,595.9139538714988,484.0450576606259,444.21449752883024,453.36698517298174,341.74762767710047,368.6325041186161,497.4719604612848,373.6224711696869,285.86276771004935,570.5747611202635,674.7173970345963,566.2703217462932,380.2989456342668,430.4370345963756,523.7904448105436,495.9947446457989,591.5548599670509,545.7227018121911,441.9277759472816,412.1804612850081,343.52207578253706,646.2260296540361,546.7351894563426,528.1309719934101,573.7009555189455,550.0885337726522,538.5682840197693,413.33164744645785,609.0911887973638,507.87799011532115,491.61268533772636,458.09084019769347,502.5047775947282,146.90265238879735,204.23808896210866,314.6646787479407,272.97803953871494,352.5278583196045,343.476425041186,256.0370345963756,310.79542009884676,258.72568369028
870.5562767911815,658.164960195958,668.7067483159825,661.2108022045313,664.7983894672379,766.4029140845067,1047.2577513165947,579.1771830985913,758.2952418860989,654.114298836497,767.224831598285,627.7223208818124,589.5897060624613,761.9875137783218,791.3847274954068,506.2399142682179,799.5638089405999,685.1212737293323,734.0232394366194,689.6637048377215,693.1106184935699,695.8669259032454,761.4587446417634,718.2422277403549,688.1527005511325,574.0748193508877,646.4052235150028,790.6008327617877,728.2499571341086,729.5797183098588,820.9765204531532,751.4376301285973,1036.0475260257192,808.5446233925287,897.0145180036739,736.6609246785054,625.1203796693201,694.9602204531534,675.193466013472,697.7324862216776,714.8027679118184,707.5672137170848,808.8162706674829,538.2143110838945,884.3754270055109,939.7818493570113,964.5503044702996,722.808279240661,689.7512859767296,702.1576774035516,588.7550581751376,548.5451684017144,774.286270667483,669.8660930802201,936.4113900796077,742.395345988977,784.1518730557252,751.6027617881197,763.2601714023266,828.9004592774033
384.46074493163604,461.82209806694954,456.2298066949551,342.0434087694483,373.25481848184813,359.24742550683635,714.179254832626,362.34344648750584,506.13780612918424,367.03992456388494,511.1260584629891,317.5633569071192,352.1760584629891,492.1951296558226,579.6174776049031,333.36704856199896,502.3852333804807,397.1492644978783,620.9219330504477,419.1231871758603,418.3459641678453,411.34097595473827,368.8995851013672,366.015832154644,428.37846298915593,414.78357378594984,378.45634606317765,485.8183356907118,499.0082036775105,451.3400845827439,492.20681603017437,477.5696652522394,578.2736869401224,516.1112588401696,609.2535879302214,515.3213154172558,451.7221970768505,433.05470235737863,393.5075813295614,630.9791324846769,462.0915228665723,494.32515322960853,471.5730645921734,489.1456671381424,543.3418104667608,447.03523338048086,574.9378312116926,456.5655539839697,464.6544365865157,437.3152003771804,471.5146581801036,239.02414427156998,424.9734794908062,415.87692126355483,429.71472418670425,463.1469919849127,530.9455837812351,396.927024988213,441.7994295143799,442.77750589344646
1013.0699999999999,1057.1243071161048,839.7826591760299,850.056404494382,816.2549438202246,693.0983895131085,1415.5233333333333,847.4587640449439,912.4352808988765,909.2427715355806,1014.2594007490637,855.5626966292135,822.3979026217229,1000.7923220973782,1295.9731086142324,842.8364794007489,814.0477902621724,876.39468164794,1176.6934831460674,1045.5813857677902,984.7004494382022,967.1323595505617,874.5630337078652,843.0532209737828,1072.674382022472,756.5119850187265,848.667265917603,1101.6631460674157,879.1395505617978,1023.6075280898876,1088.3465168539324,1128.6152808988763,1281.1544352059925,1262.9668756554306,1331.634382022472,1280.7734082397005,1026.278352059925,1022.793370786517,770.6083146067416,1221.3694756554305,1020.7840823970038,903.0926217228464,957.9005617977529,895.4431835205994,889.1765917602995,843.3569288389514,1045.6552808988765,906.0803370786516,1124.7333333333331,998.1960674157305,911.1367041198503,747.9271161048689,895.9817602996254,1181.3983520599252,1221.951797752809,981.7949812734083,1044.7021348314609,978.9863295880149,806.293745318352,917.6166666666666
438.50595571095573,450.6112121212121,462.04509324009325,381.70553613053613,412.28648018648016,344.375337995338,858.807599067599,437.88466200466195,457.40511655011653,493.33200466200464,575.8609673659673,455.1042890442891,488.4659324009324,607.9851398601398,797.3752214452215,436.34170163170165,465.54871794871804,439.9060839160839,626.0030536130536,633.5651748251748,573.515745920746,573.4386062937064,558.3457226107226,547.3022843822844,585.4746503496503,410.96782051282054,481.03255244755246,650.5857575757576,573.5486713286713,625.3139976689977,656.9632284382285,687.1435265734266,833.4766666666668,668.2481818181818,712.9858741258743,664.8978904428905,582.7726456876455,510.6261305361306,324.94206293706293,573.0995571095572,564.7041608391607,546.2188811188812,541.3758857808858,470.25264568764567,499.68946386946396,449.4488228438229,567.2051748251749,548.9888111888113,592.0914568764568,512.4598484848485,510.9351048951048,396.8994988344989,507.19377622377624,567.4915384615385,575.4604662004663,578.4793822843824,568.6355244755244,467.36560606060607,431.7215384615385,577.896048951049
618.196846153846,432.4658974358975,437.8035128205129,274.04889743589746,423.5923846153846,391.48723076923085,462.88515384615386,551.8869743589744,375.8155897435897,421.24961538461537,483.13474358974366,479.8260512820513,433.8142564102565,288.78551282051285,587.2780512820514,485.4214102564103,463.47997435897435,359.1096923076924,494.7819230769231,370.2951794871795,512.9449230769231,443.58782051282054,529.7515897435899,256.3271025641026,481.90861538461536,282.6312051282052,513.3228717948717,313.005,488.62692307692316,372.9471794871795,535.6926666666667,567.4564871794872,466.0004615384616,367.84428205128205,417.9442307692307,409.69697435897444,572.4777179487179,473.06017948717954,391.9966153846155,434.2547435897436,445.3851794871795,530.5598461538463,451.8418717948718,377.48815384615386,489.2787948717949,621.57,421.62153846153853,477.8528717948719,505.95002564102566,375.4872307692308,473.69971794871793,330.81600000000003,371.8833846153846,464.26346153846157,437.1101282051282,342.80466666666666,524.4962820512822,505.05794871794876,712.2478974358975,417.9760000000001
1025.6489647058827,675.1162352941176,701.5976,562.1144,702.8248705882355,676.9484000000002,916.6596941176472,602.6730823529412,775.787811764706,609.7184470588237,792.1166588235295,617.6612470588237,647.0892705882354,685.8349882352943,786.8667058823532,528.0596000000002,714.9061882352944,588.1845411764707,853.0326352941179,724.2528235294119,692.9905411764707,640.3875999999999,709.4568000000002,636.8466352941177,644.5707058823531,647.1140941176473,652.2461882352943,606.5896705882354,678.040705882353,742.4984705882354,672.3007529411766,636.9292235294118,982.3221647058826,840.8975529411765,733.7334588235295,695.2538352941178,586.1746352941178,589.6509176470589,635.0461647058825,626.0474352941178,623.1333411764706,623.7970588235296,791.6062352941177,550.8450588235295,995.3780470588238,951.7633411764709,727.0948470588237,673.028211764706,777.1475058823531,773.8960000000002,639.540611764706,553.6713411764706,770.1197647058825,632.3979294117647,809.4476000000003,749.1059764705884,804.6468000000002,880.248917647059,724.9409882352943,806.9792470588237
378.20376000000005,427.8918133333333,466.05522666666667,379.61143999999996,487.48482666666666,416.3661066666667,833.1649333333335,432.1866666666666,505.8251466666666,418.4903466666666,617.4207733333333,343.0143733333333,503.30664,406.76949333333334,609.7310133333333,421.596,544.71,446.13165333333325,672.1585866666666,519.52864,438.2091466666667,523.6802133333334,556.0852,408.90122666666673,459.57984000000005,496.2783466666666,421.61079999999987,366.70047999999997,531.3761866666666,467.65312,514.41656,586.4552533333334,623.9322933333334,667.3137333333335,539.0232533333333,443.0463466666667,533.6888533333334,470.81112,389.6674133333334,603.6733066666668,586.8019466666667,480.50928000000005,438.2435733333333,597.51856,620.62928,496.98,733.9474666666666,393.81232,661.0957066666666,375.9117866666667,442.9983733333333,266.39032,473.07813333333337,534.4058666666667,383.0787466666667,538.5433866666667,458.40586666666667,389.6905866666667,569.2431466666666,437.51752
478.29117990654197,352.07999415887855,383.10238317757006,270.1708820093458,346.8729789719626,354.6387792056075,491.80369742990655,476.0424474299065,380.8150408878504,390.7132476635514,428.85686331775696,436.33013434579436,424.6702978971963,282.9578154205607,529.5428387850468,364.68072429906545,470.60082359813083,314.6017815420561,446.0999007009346,319.8784287383177,328.61346378504675,408.72929906542055,503.1696436915887,266.19454439252337,395.11300233644863,289.45809579439253,344.93852219626166,336.6481191588785,501.9432535046729,390.2599299065421,449.56455607476636,463.1951985981309,446.5833002336449,461.2226343457944,439.8064310747663,375.96165887850475,523.6821203271028,423.6608820093458,355.50300233644856,493.7402336448598,401.0619392523365,436.2729205607477,427.52688668224295,340.7728154205608,550.8339310747663,468.7929906542056,443.96800817757,369.56948598130845,474.98397196261686,378.12233060747667,442.5569567757008,250.25057827102805,397.4133235981308,405.7302978971963,408.3139778037383,343.3482418224299,396.7793691588784,419.30700934579437,541.8775700934578,337.4759053738317
402.79664645023183,279.8877952194078,302.30037459864434,215.9904316803425,363.9355833036033,262.7158508740635,452.545654655726,404.4684873349982,339.7964074206207,269.0350196218338,441.6375454869782,351.5706564395291,337.89642525865145,195.09828754905456,426.86240099892973,272.30258651444876,433.9301320014271,288.1513663931502,394.1143738851231,328.9429004637889,332.928037816625,340.782565108812,385.00621833749557,269.40689975026754,321.842854084909,273.704844809133,297.12907242240453,316.12938280413834,489.4697288619337,296.77193364252594,375.15992151266505,393.425183731716,470.2061184445237,371.3553264359615,354.76262932572246,320.51641812343917,402.12782019265074,329.78364252586516,350.53899036746344,427.4861505529789,350.513952907599,384.97608633606853,392.7949411344987,271.6837887977167,449.59014983945775,385.87504459507676,491.6435818765608,397.4465715305031,483.65717445594,288.08821619693185,392.1910631466286,224.31570460221192,360.0991580449518,342.47146271851585,377.20365322868355,283.8142882625758,391.68243667499115,364.62861576881915,464.221230824117,392.2709418480201
538.2147788161992,323.5245358255451,343.56824922118375,269.21279127725853,295.5634953271027,355.6728037383177,494.7038130841121,558.3661059190031,382.12332710280367,462.75206853582546,442.69680996884716,526.7162679127723,431.03241121495313,296.10337694704043,574.6641059190031,456.49595638629273,432.20472274143293,343.49538317757003,492.1836510903426,339.18392523364486,434.8496697819314,481.86841744548275,567.9263613707164,308.58570716510894,410.7122118380062,288.3326791277258,428.7363177570092,322.1051339563863,472.42392523364475,461.8824485981307,509.86145794392513,537.9103302180685,411.30737694704044,432.6424797507787,421.5155700934579,394.39708411214934,492.4938317757008,426.65571339563854,380.63801246105913,509.5607850467288,601.7952336448596,475.4607601246105,483.3152087227413,398.3040560747662,553.144043613707,500.04176947040486,462.21795015576305,402.8130716510902,445.1821433021805,444.6032461059189,458.6090093457943,280.5684485981308,369.78764485981293,467.4355700934578,484.5800872274142,377.90469781931455,459.788429906542,539.8822118380061,679.6030031152645,429.6306168224299
